seller_id,total_orders,total_items,total_gmv,avg_delivery_days,avg_delay,avg_review_score
1f50f920176fa81dab994f9023523100,1400,1925,141007.65000000066,15.561867205584463,-10.140351170669343,3.9916536254564425
1c129092bf23f28a5930387c980c0dfc,200,219,12473.58000000001,11.582899093187223,-9.534621665817191,4.165137614678899
0dd184061fb0eaa7ca37932c68ab91c5,158,190,23296.81999999999,11.236291301169599,-10.50707419590643,3.9365079365079363
7586919161935337bf6b6d7ff5779648,11,18,1994.9300000000003,15.853189943415641,-6.0995826903292185,3.1666666666666665
6fc26fe110feebd80a433e1f012a84f9,35,72,5128.060000000001,11.437567354681075,-13.928322241512344,4.014705882352941
8581055ce74af1daba164fdbd55a40de,387,435,74584.30000000002,12.831719402060521,-8.52123388867153,4.225806451612903
974cf2cb8f4b7add98709c30df02fe10,33,33,3559.68,11.269405092592592,-13.064451774691356,4.0606060606060606
f7ccf836d21b2fb1de37564105216cc1,70,74,3910.4399999999987,11.043061897513951,-8.329059487569761,3.8194444444444446
d50d79cb34e38265a8649c383dcffd48,69,69,13904.13,13.15948587627483,-12.648997920021468,4.235294117647059
0509040ea3fe50071181bbc359eb7738,89,98,5183.099999999999,11.378378785686733,-10.06095775462963,4.5
1c56ffe0e9dea2657fc6e95b53f40b13,3,3,267.39,6.678163580246913,-8.654961419753088,4.333333333333333
8d956fec2e4337affcb520f56fd8cbfd,209,226,13923.80999999999,9.25435483539095,-9.988441100823055,4.18141592920354
5b179e9e8cc7ab6fd113a46ca584da81,33,35,5481.020000000001,12.662649140211641,-12.95650496031746,3.5
813348c996469b40f2e028d5429d3495,179,202,14800.430000000006,10.197605769230776,-10.213765254036083,4.0
36a968b544695394e4e9d7572688598f,152,160,9305.930000000004,10.727268518518523,-11.685869539411206,3.6625
a888faf2d1baececa6baf9c3d603ee1f,54,55,18887.319999999996,17.90909486454046,-10.074938485939642,4.054545454545455
282f23a9769b2690c5dda22e316f9941,99,110,8386.960000000001,11.20911845905538,-11.390240188583078,4.3
80e6699fe29150b372a0c8a1ebf7dcc8,94,96,13303.509999999998,11.175271375098504,-15.918340967297075,4.291666666666667
7d76b645482be4a332374e8223836592,176,187,6431.540000000007,13.264018480570746,-8.59410727838495,3.9297297297297296
c092292535a57dacd95a8765f5518f87,1,1,143.98,8.097824074074074,-16.229976851851852,5.0
d4e12e7884759a14fa0f5f896c791cae,29,32,1839.6699999999998,8.332578124999998,-11.587587528935188,4.625
2009a095de2a2a41626f6c6d7722678d,8,12,582.4300000000001,9.82987750771605,-11.00682002314815,3.9166666666666665
76d64c4aca3a7baf218bf93ef7fa768d,42,46,9755.84,9.74836402979066,-14.292999949677931,4.130434782608695
870d0118f7a9d85960f29ad89d5d989a,45,61,4428.029999999998,14.932304948391016,-9.39374392835458,4.016393442622951
54a1852d1b8f10312c55e906355666ee,200,204,20614.399999999994,11.517078692244231,-10.18700477860286,4.3399014778325125
ea566164622c6b439516ab18062c42cd,47,49,6136.119999999999,13.216514077853361,-7.959705687830687,3.857142857142857
25e6ffe976bd75618accfe16cefcbd0d,107,116,11892.24,9.937956972871993,-13.910676778752439,4.379310344827586
4992e76a42cb3aad7a7047e0d3d7e729,57,74,3218.5700000000006,8.29304540842212,-9.82986523338407,3.8378378378378377
432c37c9dfba871172ec162e20118b8c,46,57,3938.5400000000013,15.700738636363633,-10.64113615319866,4.175438596491228
6973a06f484aacf400ece213dbf3d946,95,115,12374.62,14.988384880829901,-6.747360468106992,3.5
7b0df942f46435babab05d49b744b2c4,19,19,6687.64,10.500149244639378,-11.686864035087718,4.421052631578948
b1b3948701c5c72445495bd161b83a4c,7,7,2817.6099999999997,9.966898148148148,-6.838972800925926,2.5714285714285716
1f1bb1f0859883505541bdd6606193e5,17,18,5088.510000000001,13.678454218106994,-9.09226594650206,4.333333333333333
5a93f3ab0ef4c84ed5e1b5dbf23978bc,39,44,3035.389999999999,15.054766634366928,-18.35395241171404,4.7272727272727275
17a053fcb14bd219540cbde0df490be0,86,99,29948.83000000001,9.36510074168556,-9.104911304799703,4.163265306122449
b9ca8e8baa5d4aa038394a700f63e69f,12,12,1213.15,9.358051697530867,-7.987022569444446,4.166666666666667
59cd88080b93f3c18508673122d26169,10,12,567.7099999999999,13.62782889660494,-7.635603780864198,4.75
cbd996ad3c1b7dc71fd0e5f5df9087e2,165,196,11284.959999999994,12.841035726533413,-10.594015468841864,4.081081081081081
f76a3b1349b6df1ee875d1f3fa4340f0,24,24,4748.979999999999,17.022680362654324,-4.848619309413582,3.4583333333333335
c8b0e2b0a7095e5d8219575d5e7e1181,84,85,13657.339999999995,10.063569852941175,-10.113792619825707,4.0476190476190474
822166ed1e47908f7cfb49946d03c726,69,108,5535.950000000001,13.872606631515774,-11.991881430041154,3.9245283018867925
02ecc2a19303f05e59ce133fd923fff7,21,24,5742.4,10.815350597993827,-14.317824556327162,4.541666666666667
5ab05b6d86d417796c69ffd6774ec832,10,12,2142.85,12.587885802469136,-12.762262731481483,3.6666666666666665
d29ba1220fb8634fa3a107e54497b8a4,9,9,907.86,6.488707561728393,-12.357611882716048,3.2222222222222223
0cbcee27c791afa0cdcb08587a2013a8,39,41,6141.310000000002,13.417264756944444,-14.630214988425928,3.8536585365853657
82e0a475a88cc9595229d8029273f045,41,79,12204.440000000002,15.229309858736944,-7.650557187796772,3.4683544303797467
23613d49c3ac2bd302259e55c06c050c,66,75,5000.090000000001,13.648153703703702,-10.570431790123456,3.7027027027027026
d13e50eaa47b4cbe9eb81465865d8cfc,67,69,8012.839999999997,4.972586465141611,-4.1576143790849684,4.811594202898551
751bdc4d83a466c7206cd42e8f426b03,54,71,7703.740000000003,11.123993225762531,-11.091632625272332,3.6231884057971016
9aa388272ee334b6ae07bc73706e254a,6,7,861.46,7.597832341269841,-15.517825727513227,3.857142857142857
3935fe5fe0f82787a9dcb8deb62be09d,15,16,1914.9799999999998,11.018807146990742,-9.454594907407408,3.9375
901b460cdce0c64e471230d7f2f9f3a3,5,5,2012.56,15.513745370370367,-18.202733796296293,4.4
3d4b1ae7539303b5704493798893e82c,6,9,1221.69,11.561568930041151,-9.742773919753088,4.666666666666667
d6b1ce66b035a475f00c017792ff9769,92,108,14315.880000000001,10.1714947702332,-11.94156775120027,4.165048543689321
c013e57c075a06e5b5c48ee03c525719,42,45,2828.659999999999,9.355028806584361,-10.871121656378602,4.155555555555556
681fce914360217db47784ae28905a96,23,24,4571.799999999999,12.736270736882718,-12.506877893518515,3.869565217391304
788f22bafdd7ab0e1e79f19db72f16a4,2,2,152.04000000000002,3.541741898148148,-5.17072337962963,4.5
381c83fdca332ea6afd896da20bf6e4a,44,44,6563.319999999998,12.9166074810606,-14.953972274831647,4.363636363636363
0b18d63d0cd1d723567903fd34a07df2,9,14,1944.0299999999995,6.88448578042328,-15.036487268518519,4.785714285714286
c8467937e403e76a8ee9f0ab13f6f5ef,30,33,2442.7400000000002,16.679165614478116,-8.78999298540965,4.133333333333334
579891617139df7d8671d373f0669622,8,8,408.5,18.420879629629628,-10.105457175925926,4.5
67bf6941ba2f1fa1d02c375766bc3e53,9,14,3940.2999999999997,5.4727926587301585,-9.969933035714288,4.5
39d61be7a92eb77b7da367bd4845bc0e,7,14,909.6199999999999,10.633196097883598,-10.387875330687836,4.214285714285714
014c0679dd340a0e338872e7ec85666a,11,12,4831.29,17.163502121913577,-14.27539351851852,3.8333333333333335
391bbd13b6452244774beff1824006ed,2,2,163.2,44.565300925925925,24.027685185185184,1.0
b8a0adc91af209270c2c725168eb00fd,6,6,388.49,11.105634645061729,-12.648800154320988,4.0
31be790e64fc99f8ff48ec2bd18a3104,6,6,313.68,6.493200231481482,-2.1689023919753088,4.333333333333333
834f8533b2ecb6598dd004ff3de7203a,43,47,5496.3099999999995,15.047818672839506,-6.021756430041153,3.723404255319149
179d859f51292aac5c10806a356f7af9,18,19,800.2699999999999,9.148045199805068,-9.134731968810916,4.315789473684211
d9442042130b7fe579d1295f9f4a248f,19,22,1111.0400000000002,11.436601957070705,-7.20960805976431,4.2272727272727275
7ecd59e5e20407131822c1a68ac59c1f,24,29,2054.5200000000004,17.430864463601537,-11.089963282247766,4.482758620689655
e73bf2cea7fe4b0b4d287a7568ed1099,4,5,837.83,4.831981481481482,-25.342541666666666,5.0
9853a239ab7b7ebbdc3a21248d5b8e1f,5,5,471.01,17.958078703703706,-12.69683449074074,3.8
7c1fea10b5b006671d608b1d7c446ec4,14,14,647.75,16.23116898148148,-10.085941633597884,4.0
5444b12c82f21c923f2639ebc722c1ea,1,1,179.46,,,4.0
08d0949a9a17c027262db1f3c450c26c,12,12,557.8399999999999,14.330144675925927,-11.100522762345678,3.75
fe8055980a4ff7f64ed889c2b5926929,3,3,249.98,6.485983796296296,-14.510189043209877,4.666666666666667
54065e9aef7e9e9c2dc23b7594db021a,12,12,5466.55,11.532178240740741,-23.878616898148145,3.75
152ee17e4c8aaf53dac99f3462e4999b,6,6,404.92999999999995,10.735235339506174,-13.563597608024692,4.333333333333333
55dedd83e501d8248880557d9073cbfd,8,9,1166.0900000000001,4.488298611111111,-7.868019547325103,4.888888888888889
27a56ff04b34c2ba34ce6ba4d3b9d616,8,8,452.27,12.881733217592593,-9.328110532407408,4.125
70b52a4cfc823994561b00bad161b4ed,8,10,685.35,12.360554398148144,-25.740218750000004,4.5
94b9108d4b637ba65bb4f1e53cfcf8d8,7,8,334.09,16.451164641203704,-2.5371715856481476,4.5
5a425cc503b39b262a847fd6212bf53b,15,15,1630.1000000000004,6.823572255291006,-9.11861193783069,4.214285714285714
17f51e7198701186712e53a39c564617,1,1,614.21,15.998090277777775,-16.343993055555554,5.0
461ff5303b6c9c1a4a07f40c5aece516,3,3,161.43,6.6001157407407405,-15.089513888888888,3.6666666666666665
228e4c1a0be164f613d41c24345f9d2c,4,4,573.74,10.969768518518519,-19.703761574074075,5.0
2dcf93836ae3ce0d7c93e2f10876467a,9,12,1622.44,6.535892168209877,-8.46911361882716,4.166666666666667
6ec1a01e866584bb679eb9b098345919,29,30,3959.1900000000005,14.483353687739463,-4.226109115581097,4.214285714285714
fa14641f57b655e933124a9ea49cd7a5,7,7,442.9899999999999,6.980003306878307,-11.394869378306879,4.571428571428571
f1fd5ab1181f827ffad998c1a5de7d74,7,7,868.91,8.076484788359789,-8.526934523809524,4.571428571428571
6861de0f40cacb0602e473c51639f980,4,7,308.41999999999996,10.8820916005291,-23.218171296296298,2.2857142857142856
a1bea7061f61f6fdd9a85a6325ba1033,9,9,910.8799999999999,4.491721965020577,-5.353671553497943,4.444444444444445
fc59392d66ef99377e50356ee4f3b4e1,5,5,606.96,7.950819444444444,-13.597136574074074,3.6
431050a06a317f2b38168dec3dcd2b46,12,12,1720.95,8.922488425925927,-13.318586805555555,4.25
23ff42c4bf1f8f16cddb19d8b972974a,2,3,227.67000000000002,12.354687499999999,-15.572175925925928,4.333333333333333
30c7f28fd3a5897b2c82d152bb760c17,5,5,869.4399999999999,20.110431134259258,-0.3183420138888886,2.0
7c4618c82226628831613e95e9c22f44,13,13,499.47,11.065274216524218,-7.111040776353276,4.076923076923077
3f9c56764fabca627406093dcb3ef0b4,7,7,1014.9499999999999,8.48726355820106,-10.519204695767197,4.714285714285714
e1643dff33666ca629e3644c02738179,3,3,199.31,4.555775462962963,-11.630702160493827,4.333333333333333
8bd0e3abda539b9479c4b44a691be1ec,7,13,845.34,22.936135223765433,-12.509395254629629,1.6923076923076923
6d7f8d9d594e28796b6b3205b00f459c,3,3,477.01,15.288040123456788,-4.431628086419753,3.6666666666666665
cb5ff1b9715e99589f3e0c7a6afab9e3,4,4,139.03000000000003,6.083770254629629,-11.581912615740741,4.0
404e1ba01358af4cd63f679b2c4d1fa1,8,12,551.73,7.705353009259258,-18.9023119212963,5.0
626ab1cd96932367f0eeec2e47046c12,3,3,1390.4699999999998,7.193283179012345,-13.203672839506174,4.666666666666667
b452cb0ae35044c4a53179c39f49fb06,2,2,101.98999999999998,16.722858796296297,-8.14185763888889,4.0
6b15924333bd1a741595fe981ea04822,21,21,854.4599999999999,7.780927579365079,-10.68516093474427,4.666666666666667
9198786624eaeb375793215cad26cfa6,9,10,1118.3700000000001,12.38256044238683,-18.365036008230454,3.9
714b9a1332840f257b49f476bea4e341,6,6,1658.09,32.30243055555556,4.745906635802469,3.3333333333333335
a90a5da8b09e44264a177c0374a5ac87,3,3,147.3,9.380806327160494,-16.485586419753087,4.333333333333333
7b98de631987e26dd6d803490c43a13c,8,8,778.6300000000001,10.583616898148149,-11.796549479166666,4.625
f650a9708fa1bab22bdd8d3a818cc415,5,5,594.58,15.323486689814816,-20.70964699074074,3.4
968268a686aa05d1f529fb07dff08130,12,12,4880.839999999999,9.40315586419753,-11.033559027777779,3.5
c878515173c84a492ebe50d6b493230b,9,10,1308.0399999999997,15.808011574074072,-12.602134259259259,4.2
f1b93673502375d491780bb49d615dbc,8,10,2959.2800000000007,12.99278240740741,-5.786733796296297,2.7
6b9b80d53ba3676eafe60268a810b5a1,10,10,1055.66,12.04213220164609,-14.49781378600823,3.9
79a679c36c08d606b3fd47ead9de109b,3,7,1072.22,10.025785383597883,-6.157607473544973,2.7142857142857144
8a43128d7f9a3db592b866e6861a6cce,3,4,1058.49,6.657034143518518,-21.22814525462963,2.0
51209b446b2073894bdc0face6c73ffc,2,4,438.88,9.960538194444446,-16.43596064814815,4.0
fc99f99385ae90f66f01733856fb88c9,1,1,111.02000000000001,,,1.0
7354220fb240bde543b3c40c060d41e7,7,7,837.1299999999999,11.09848544973545,-14.948169642857144,4.571428571428571
55c96925041a14097b6a7825554f4ad5,6,10,483.3700000000001,11.09332561728395,-8.61478202160494,3.2
e5c84227854980f1db19a58958c551d9,4,4,141.64000000000001,10.187983217592594,-9.778191550925925,4.75
a63bfbaa882c8f4542891b4e2246cc7f,2,2,1235.5900000000001,8.077702546296296,-5.637355324074075,5.0
06532f10282704ef4c69168b914b77be,3,3,1124.46,11.570144675925926,-11.862667824074073,3.0
8e34331b7eedd03be4e5d965c1956225,5,5,210.44,13.948203703703706,-7.075113425925926,4.8
b56828a9f9027f3c918c04ca720d9e3c,3,3,471.61,16.972858796296297,-8.498858024691359,2.6666666666666665
f114dca2828bf718548db175ebe2cfcd,1,1,152.99,10.483483796296296,-21.470324074074075,1.0
70f84699be677ec988d1fa824aef7d90,5,5,1704.44,17.529266203703706,-9.732756944444443,4.6
2039c5e51785b5dde7cf93ccb3b7be2c,1,1,173.68,8.269247685185185,-7.188472222222222,5.0
4dab98ca6cd6d3df586203cefd28a042,1,1,173.23000000000002,28.008784722222224,-0.4294791666666667,5.0
83c8aafbefb034674a70de0eac5b8954,2,2,185.87,5.073425925925926,-15.757881944444446,5.0
04aa0a1c5ce6b222003403a3e11c3cc0,9,15,5313.439999999999,16.31928163580247,-17.177915123456792,3.4
d52cbce9845184537284a23c3bc3da0e,2,4,138.78,10.566354166666667,-20.696006944444445,5.0
02a2272692e13558373c66db98f05e2e,2,2,93.85,,,3.0
edb58a1390adf273840030a3d6253829,1,1,58.28,5.503541666666667,-11.027199074074074,5.0
7994b065a7ffb14e71c6312cf87b9de2,5,7,597.34,8.704467592592591,-21.731317791005292,5.0
56db5c0782e8f7ddc9343f9576ff6d16,2,2,791.9499999999999,9.917291666666667,-20.691354166666667,3.0
3ea00e1dea2b0659dbaf654735929220,7,7,649.97,11.446294642857143,-19.620291005291,4.857142857142857
968ee78631915a63fef426d6733d7422,2,2,521.67,15.264716435185186,-15.864334490740742,3.0
a1ed30492b3b798bc121845bc4aa7366,1,2,65.5,,,3.0
72431a818f97fe6ab9c81eee3e297e54,1,1,249.39000000000001,12.434548611111111,-14.09119212962963,5.0
aa8af66c623d7d544dfe4bb85b5ebe3b,1,1,114.57,8.003946759259259,-17.172303240740742,5.0
4d0041cdbe51b4617d95c70b19decc74,5,5,1188.24,7.904090277777778,-6.9906041666666665,4.8
a9ae440659f48b7849df83e82734150b,1,1,312.02,13.342361111111112,-31.108541666666667,5.0
31eec405c9bb71dec8e2629a92e764fa,4,4,264.09000000000003,7.243585069444444,-13.795729166666668,4.5
ab3e0c171fe84a7ba7de130f19cfb485,7,10,1035.7,19.90822585978836,-8.412991071428571,3.2
457fe919b032a3f7dadba6fb92cf7855,9,12,1246.11,5.955726273148149,-6.17477912808642,4.833333333333333
c963a25b8671419c6ce9eebe8fd03218,1,1,68.32,6.8539814814814815,-14.084467592592592,5.0
6a3139c7bf09ece22a4713d956acbe5e,1,1,76.64,3.873518518518519,-12.218449074074076,5.0
7c9130f5f3729edd32aa059141d92484,3,4,193.14999999999998,7.129021990740741,-15.493469328703704,3.75
8e4f041ff58e7845456d3482524014b3,2,2,182.39000000000001,24.080474537037034,-7.676157407407407,3.0
a9b533a26e898b12e8b8d4c07279bf4d,4,4,191.06,15.162638888888889,-9.66724537037037,5.0
0ade5cc4a305ed7093a23f68ca47519c,2,2,201.26999999999998,6.875769675925927,-20.133894675925923,5.0
29c322e3f09f886f8bacbe91dfbd979e,1,2,105.57,6.673425925925926,-19.433483796296297,5.0
204b4e07bddef3c9b317f70189135b22,1,1,88.13000000000001,10.187997685185184,-10.083055555555555,5.0
003554e2dce176b5555353e4f3555ac8,1,1,139.38,4.646805555555556,-26.06679398148148,5.0
5cf1ec37aea089f45110c70653a166ab,3,3,93.1,21.465109953703703,-8.443744212962962,3.6666666666666665
001e6ad469a905060d959994f1b41e4f,1,1,267.94,,,1.0
fcba71d4d5db057f43249145e4eb1e27,3,3,548.27,18.62317901234568,-6.908395061728395,4.666666666666667
4c4d546adf3c3868fe19c9ec6e9ffda9,2,3,157.08999999999997,6.738341049382716,-15.781496913580249,3.6666666666666665
533d46c1b06970e99f09523a61df4972,2,2,192.62,16.602592592592593,-9.600376157407409,4.5
a72f15980dc3e9bfd1a49ac9b2f3af65,1,1,108.63000000000001,5.1416203703703705,-13.178680555555555,4.0
f3511c85f59f8dec53d140501ee8e7a8,1,1,78.01,1.9164930555555555,-9.247685185185183,5.0
9c57bc60cfad5ee62d35d3f1ce4593a1,1,1,195.43,37.03043981481481,14.595949074074074,1.0
de09d00cfc265b8804c7df34075a68fa,3,3,827.97,6.152604166666666,-16.19844135802469,3.3333333333333335
8501d82f68d23148b6d78bb7c4a42037,1,1,30.66,,,1.0
b76f4d90e85657a240495c876313adc5,1,1,318.3,2.6615972222222224,-5.402083333333334,5.0
4b90495391ac0bd181a80a459df1e718,1,1,266.11,11.879664351851853,-38.18653935185185,4.0
eb1bf309f4f6af9a97e9ddac3fdbeabe,1,1,31.18,8.489652777777778,-9.048078703703704,5.0
aded58c8142dedc5494a81f948431fab,4,5,379.48,8.000819444444444,-13.864150462962963,3.2
443d880f15cbd3572885e1d44bf2c478,1,2,125.0,12.403761574074077,-13.201458333333331,2.0
bbe87dce25ba8b38bb61cc7210a3f10b,2,2,355.39,6.258229166666666,-16.334878472222222,5.0
3bfad056cf05c00dabe2f895925d83b1,1,5,253.35000000000002,,,1.0
56a8b450e802502ba53a9885ee38e29f,1,1,77.65,,,1.0
dd5450b022b2d00a2145a66331e1aef6,1,1,81.34,7.1822337962962965,-31.30633101851852,5.0
8936ba0de1073ee888cb3185ae5dc661,1,1,412.21000000000004,13.190671296296296,-9.438912037037037,5.0
7816cd9c5b1238e320545f5bf7eb80e8,1,1,511.76,10.901851851851852,-13.2021875,4.0
70c4eedec9cb4a85cda2f3f9673557b4,2,2,512.5500000000001,7.002696759259259,-16.30439814814815,5.0
b3809b8d4394588a47c8470ea331e135,1,1,96.88,5.049641203703704,-7.1260763888888885,4.0
2078fe5066350e7d220c0ad3a3bbc6c1,1,1,68.03999999999999,,,2.0
20f0aeea30bc3b8c4420be8ced4226c0,1,1,29.42,44.71587962962963,13.51722222222222,
cd843d4cf8ef32827de0396605163ba3,0,0,,,,
2a167ca73899c85001a837d8fb4962f6,0,0,,,,
400f221ab83037c0ea78f1267da9624d,0,0,,,,
491a5ada3aa1678414e990262c4bbdc1,0,0,,,,
010543a62bd80aa422851e79a3bc7540,0,0,,,,
7c67e1448b00f6e969d365cea6b010ab,895,1241,207362.41999999966,22.011803313899385,-10.710282523710946,3.3821862348178136
8b321bb669392f5163d04c59e235e066,943,1018,31692.05000000001,12.616898723972708,-9.298743101621517,3.995069033530572
8a32e327fe2c1b3511609d81aaf9f042,132,180,8792.040000000014,9.098777531229453,-13.566509012710918,3.7752808988764044
0887a9f087bcd5d9f6642b52f897fc6c,12,12,1862.35,14.240796682098768,-11.862310956790125,4.416666666666667
00720abe85ba0859807595bbf045a33b,13,26,1323.48,8.532746171652422,-12.015145566239315,3.6538461538461537
702835e4b785b67a084280efca355756,1,1,18.560000000000002,1.804039351851852,-22.516712962962963,5.0
822bad9bc42b51213ba522fe87b7ab5d,16,16,4087.6600000000003,26.795840567129627,-0.5671708622685183,4.0
323ce52b5b81df2cd804b017b7f09aa7,30,30,2955.6700000000005,17.057155970625804,-4.942940213920818,4.310344827586207
7ad32824caee82087b3e2e5f33b1bf32,150,183,25771.85000000001,11.519284023898203,-9.820267367577072,3.761111111111111
2138ccb85b11a4ec1e37afbd1c8eda1f,396,429,18426.25000000002,11.263819941660039,-12.040642927384424,3.897196261682243
42b729f859728f5079499127a9c2ef37,104,132,5434.069999999999,7.894494098105737,-6.545171225614929,4.3538461538461535
6a38087bc8ad4f89ff453561005f6dea,15,22,2381.35,11.966243686868687,-11.120731271043768,4.409090909090909
bf84056e679dbe9c69929847a40e338f,36,40,2477.3199999999997,12.355448647660815,-5.742962049220273,3.725
3bb548e3cb7f70f28e3f11ee9dce0e59,45,52,7843.540000000001,10.416071047008542,-17.420058315527065,3.9615384615384617
11bfa66332777660bd0640ee84d47006,76,102,5608.540000000006,16.166192696986204,-8.10783076888163,3.803921568627451
229c3efbfb0ea2058de4ccdfbc3d784a,121,148,18106.57,10.838898148148143,-11.67173499361431,3.643835616438356
7d7866a99a8656a42c7ff6352a433410,5,5,207.38000000000002,4.886585648148149,-7.450388888888888,4.4
6b536a23086fba0d58c08d68814397f6,19,23,2437.97,14.157081228956228,-10.724089856902358,3.9130434782608696
3c7c4a49ec3c6550809089c6a2ca9370,140,159,5770.140000000013,9.75916563458362,-8.564721485020048,3.7232704402515724
325f3178fb58e2a9778334621eecdbf9,36,46,1433.3700000000001,6.277807467793881,-11.373796296296293,4.456521739130435
b76dba6c951ab00dc4edf0a1aa88037e,159,169,4881.880000000003,10.246473372699048,-16.150682731758696,4.149700598802395
51702dc2a3e106c76dbff722b5bf0726,11,12,2548.2300000000005,13.03490547839506,-14.931293402777776,4.5
5a8e7d5003a1f221f9e1d6e411de7c23,139,181,13866.189999999993,10.46790567452928,-11.78022650268984,4.1722222222222225
aaed1309374718fdd995ee4c58c9dfcd,104,111,11393.649999999994,12.132794086700342,-16.703459490740745,4.081081081081081
070d165398b553f3b4b851c216b8a358,31,38,3929.8199999999997,10.785628128128128,-8.462746183683684,3.4594594594594597
9c7fd21e0aa159b20da593371f08ff7c,7,8,921.8000000000001,6.707254050925926,-10.173272569444446,3.375
0bae85eb84b9fb3bd773911e89288d54,136,145,10279.839999999995,10.26031346450617,-14.584851224922842,4.206896551724138
2199e7fe213c16213bf5d6a7eadc9a5d,25,31,4647.780000000001,11.147219135802471,-12.574045138888891,4.290322580645161
ea00f977a203ff88adf7057cb7806998,19,19,573.3999999999999,5.417617669753088,-5.532168209876543,4.105263157894737
b01c2b7b8599b325103ebcddc67413e1,4,4,242.11999999999998,8.455002893518518,-9.419817708333333,4.75
2aa3443d7bf9d9bb11133f420d75e083,10,10,781.12,10.573586805555557,-8.216180555555557,3.0
1996942dc085d7773ba77a529b163cd0,10,10,3183.43,11.793770576131685,-17.953494084362138,3.9
e49c26c3edfa46d227d5121a6b6e4d37,34,35,4496.999999999999,11.83490570533769,-18.800273352396516,4.4
e2aee0892199b1d92530e371abd825bf,24,27,4605.97,15.047970085470087,-14.251363960113963,3.4814814814814814
9646c3513289980f17226a2fc4720dbd,71,78,4247.3200000000015,12.62450231481482,-12.230655305799216,4.256410256410256
af7cdac9d9897cddead9c6b08976c642,6,6,694.01,15.225084876543212,-6.911259645061729,3.6666666666666665
318f287a62ab7ac10b703ac37435a231,52,62,3634.6000000000004,12.170947366423803,-8.813768973891923,3.870967741935484
d57e18d5f73c7ccb7f7339b61166898d,61,63,4111.190000000002,9.040871546149324,-10.781560295414463,4.444444444444445
8ae520247981aa06bc94abddf5f46d34,62,62,15505.080000000009,10.79494772998805,-15.809503248207886,4.419354838709677
dbb9b48c841a0e39e21f98e1a6b2ec3e,108,118,8768.259999999998,9.954499470338982,-11.162447328154425,4.203389830508475
11eac105f3f90a9b87b19c89d91e24f3,5,5,927.8299999999999,9.12383101851852,-13.247516203703702,3.6
9de4643a8dbde634fe55621059d92273,72,81,19282.409999999996,15.00174354138089,-10.916403463648834,4.530864197530864
7e1fb0a3ebfb01ffb3a7dae98bf3238d,159,174,30335.92999999997,15.597190102454537,-10.121788845058083,4.133720930232558
dd2bdf855a9172734fbc3744021ae9b9,108,113,12853.88000000001,15.247500736531988,-22.091914351851848,3.803738317757009
4f0d637c1197fd65405ebd755ac9f86b,2,2,232.47,7.353680555555556,-16.264751157407407,5.0
87d30a6a0cbf89356e49324971ab1d24,17,17,2349.9100000000003,11.212977260348582,-10.146539351851855,4.352941176470588
21c62b998a043ebe31161d38f84929fc,4,4,841.33,13.30330439814815,-15.420567129629632,4.5
e2c92f9c1c7746d899d18f2e158bbff7,13,13,2041.61,8.789081439393938,-9.670051557239058,4.076923076923077
ec2e006556300a79a5a91e4876ab3a56,4,8,191.23999999999998,13.50111689814815,1.5947395833333333,1.375
094ced053e257ae8cae57205592d6712,19,19,1978.2299999999998,12.158787158869396,-14.948047636452241,4.052631578947368
53d00c40e32aeb924a84ce72b1af869d,17,17,2462.0700000000006,16.04892020697168,-6.7428867102396515,4.352941176470588
960945e1a9535cbc0cd6ddd35fbe7ae8,28,29,3861.5299999999997,6.061004150702426,-9.338018837803322,4.655172413793103
6b90f847357d8981edd79a1eb1bf0acb,43,45,3682.719999999999,5.403807613168722,-8.133642746913583,4.333333333333333
33cbbec1e7e1044aaf11d152172c776f,14,15,959.06,7.523483024691359,-15.407004629629627,4.733333333333333
6524b847b982cd56bb5d4b02b776ee42,1,2,834.9399999999999,42.330416666666665,16.81855324074074,4.0
0ddefe3c7a032b91f4e25b9c3a08fca1,9,10,552.9,8.622295138888889,-7.943556712962963,4.5
2a5b78b41cd05baeac8df54c6606b92c,33,43,5756.7,9.542973998708009,-15.998335755813953,4.162790697674419
729f06993dac8e860d4f02d7088ca48a,66,85,10514.88,8.957584463183426,-12.691236910273377,4.552941176470588
817f85dbb65aa3e70831d90fe75cdf89,11,11,1783.8900000000003,18.119800084175083,-24.93335437710438,4.545454545454546
093805f8f2aeb63881444571e1f48f30,22,27,1559.7299999999998,8.165878772290808,-10.041111111111112,3.814814814814815
fffd5413c0700ac820c7069d66d98c89,47,47,7181.109999999997,14.33260519547325,-9.511341306584363,3.847826086956522
bd697db56ff8e7c9cd1abeb7f72029b2,22,22,3415.2000000000003,10.883916997354497,-11.971464947089945,4.181818181818182
b98b715fe9e276204e2a3464f48cd796,6,6,517.62,11.317511574074075,-22.446293402777776,3.3333333333333335
b6dc74ed30f124f95227bed4e43a3bed,11,13,747.5899999999999,17.645445601851854,-10.561546296296296,3.8461538461538463
ecccfa2bb93b34a3bf033cc5d1dcdc69,15,19,1601.3500000000001,35.133161168981474,-13.072398726851848,2.3333333333333335
1ce3ae5a399804d1a87e706f8a813c3e,40,44,3416.690000000001,13.677545244107746,-15.56543849957912,3.727272727272727
4e7c18b98d84e05cbae3ff0ff03846c2,74,81,9954.250000000002,11.551343026620367,-13.110697916666666,4.1625
f9903dd0f812c7e771fcad47b6fff231,9,14,1557.7299999999998,12.902562003968253,-17.407936507936505,2.857142857142857
0885aaf116795758dfeb5f1032487bcd,28,30,3162.32,5.738515325670498,-10.659317927841634,4.2
f789d2c4f2c2eb38fc4373e7a4b35264,44,49,5733.240000000001,10.903803854875285,-14.189874338624334,4.183673469387755
bbaff50f3b708fda865918715276cd87,12,16,651.7700000000001,8.590279224537037,-6.901723090277777,4.8125
3fd1e727ba94cfe122d165e176ce7967,37,38,3394.4199999999996,15.640605709876537,-8.110590277777776,3.8157894736842106
10cdd491d1dbea8fb4ead97b19c334ce,3,3,287.76,7.089984567901236,-17.32085262345679,5.0
6562efe88ce0826a4ca4f189f03b4b84,9,21,1436.21,15.599655671296295,-11.447593750000005,3.9523809523809526
d650b663c3b5f6fb392b6326366efa9a,55,55,15972.279999999997,9.435987357549855,-10.650235710470087,4.163636363636364
3f995f07c49d0d55a99d5c54957f7d81,43,43,4627.200000000001,9.594386304909559,-11.409347276055126,4.209302325581396
ba5daa4041e1f15cdf34b76e3e18a450,15,15,959.35,5.692246141975308,-10.262487654320987,4.266666666666667
e99e927c81e3f51739c94fcdfca9f10f,21,24,3170.55,13.093214573268924,-10.236126207729468,3.5416666666666665
75fbb52eda0cbc24f479d3b2fbfa8d3e,40,43,2074.51,13.901765752032523,-13.395277495483292,4.404761904761905
60562ab00b8054280520d390c8c0045c,17,17,3247.09,10.181200980392155,-13.53239379084967,4.764705882352941
8b655f0855926bcb49f5835d38dfddf6,5,5,1162.8100000000002,5.609800925925925,-4.971798611111111,4.8
59cea8e446d3834393058e7e0666b6fb,10,10,901.14,7.272856481481481,-15.77923726851852,4.6
a3dd39f583bc80bd8c5901c95878921e,34,37,5412.160000000002,12.530534284284288,-11.01551457707708,4.594594594594595
77fccaae319668a8ab6cd0fd16aec48c,11,12,1888.44,8.954993248456791,-10.774919945987653,4.333333333333333
5b8154610ebb21fb90eb587365e673df,37,40,9849.12,13.33357342117759,-8.214691951566952,4.175
bd15ee794d5e640d9dd71b665b2ab15b,12,12,594.1299999999999,14.465033757716048,-13.541161265432095,4.0
e7d5b006eb624f13074497221eb37807,28,63,4220.420000000002,10.946910089653137,-7.425749375367429,3.111111111111111
b33aaadd1a8891d2dfef0c4c3bdf0371,16,17,1863.0399999999997,13.492799564270156,-8.610630446623093,3.764705882352941
89bc797e2e29667aa035d4368f9b7f92,17,20,659.4499999999999,15.062043737816763,-20.28547331871345,3.75
5e105f5c9f63f5f1fd75d6cb942e55b1,7,7,934.41,9.594234457671957,-6.518444113756614,4.428571428571429
ccf8813e5a7d6c84d865cd38bfc2b130,26,26,3051.2899999999995,11.430515491452992,-12.802580128205129,4.384615384615385
fc38b5dceee1a730fad8853453437fbd,5,5,178.01,7.9680231481481485,-13.454379629629631,4.6
ec8879960bd2221d5c32f8e12f7da711,36,36,4881.379999999999,16.495119378306875,-7.952838293650791,4.314285714285714
2075d8cd4dd63ff12df0749a5866bb06,3,3,242.23000000000002,4.744471450617284,-6.508051697530864,5.0
ec80e49e69745ab6c14f984bf2149423,12,12,3897.31,12.847035108024691,-9.759053819444446,4.0
0ee4fb99ac55ffbbc98795aa01b7f8fa,1,1,70.92999999999999,6.882916666666667,-14.679085648148147,5.0
ca4b77513ac2040591b0d8fae6958380,14,15,1973.6200000000001,7.591638888888888,-2.3764182098765425,4.466666666666667
3dc69bf2c42f0568a5c4791ec3fd3745,2,2,334.43,26.271979166666668,-0.1438773148148148,4.0
b67d6c666e8dce1d078c882825e12704,7,8,457.03,8.12638454861111,-8.575837673611112,4.875
0b64bcdb0784abc139af04077d49a20e,4,4,205.81,8.495092592592593,-17.21775752314815,4.75
7238a95bb63ef7e498389fb863b834a1,13,13,2143.33,6.972126958689459,-9.561536680911683,4.6923076923076925
a3f0b55de503387383c7b1de3ad7f678,18,19,3458.3199999999997,9.259347587719297,-14.933143274853801,4.473684210526316
4aba6a02a788d3ec81c03137144d9a80,1,1,105.28,13.221458333333333,-10.18832175925926,5.0
ed4311e67debd72b8610a5347a743087,25,26,4342.81,8.013466880341879,-8.101995192307694,4.48
87d3c3aeb3ead335511b3ce315eb341e,15,15,963.0599999999998,6.565039351851851,-7.747942901234568,3.5
e53d5b9b29d1218281f4a907ada18626,4,5,483.91999999999996,6.857546296296296,-16.09265046296296,4.8
6aa3928696eab49a19a466e665a649fd,18,22,2410.68,8.242935079966331,-13.299744318181821,4.545454545454546
5bf397d04035b5f45cc41e82ec106803,3,3,801.41,4.018661265432099,-18.541030092592592,4.333333333333333
c510bc1718f0f2961eaa42a23330681a,9,9,1547.05,5.61764274691358,-7.197620884773662,4.444444444444445
d1e2fe627180431ffda076abb303c56f,1,1,298.05,,,1.0
2fb25ab44bdbeae6a4d816e0d0c9d500,5,5,761.29,8.52090509259259,-18.226118055555553,4.8
f3862c2188522d89860c38a3ea8b550d,1,1,28.29,5.868530092592593,-7.394664351851852,5.0
c6381d2d013342748761e906d45aff76,15,28,2614.2599999999998,16.966397156084657,-13.709023230820105,3.0
5c3460cd3e8a984382ae254e7dd20d9f,9,10,974.3,9.633430555555558,-12.890414351851854,4.7
ad87df7699e83b8a91822a4a0b765c3a,6,7,438.62,9.56067322530864,-15.878778935185183,3.7142857142857144
3be5841cdcc46de4ed3f9116f104b2c5,4,4,687.95,8.005859375,-25.226357060185187,4.75
50770d25768b0486d89be26afca3108f,6,6,247.85999999999999,13.481597222222225,-6.081778549382715,4.0
debe6615cd90cc0c2eac2b8988e1f628,5,5,374.03,11.604266203703705,-13.479270833333334,4.6
8603f0038fe0e52fedd3382d266723de,9,9,2357.6699999999996,21.9427070473251,-11.13025720164609,4.333333333333333
f44bdc12aa39f5271f0b95f66cd4c289,5,7,432.06999999999994,10.519596560846562,-5.788338293650793,2.857142857142857
4b1eaadf791bdbbad8c4a35b65236d52,8,8,1962.82,22.54623148148148,-15.234039351851852,2.0
8c0de775f52fe41590b376a3b7c50f68,9,9,808.0300000000001,6.213723958333334,-10.783598090277778,3.888888888888889
fe701d88b67eaca109dffd464d1be9f9,11,11,1787.94,12.424614583333334,-15.198549768518522,4.0
b5f0712d22a873b6797ab6cc65c3fcba,1,1,21.28,3.2610069444444445,-3.223148148148148,4.0
cb41bfbcbda0aea354a834ab222f9a59,7,7,2525.21,44.86212191358023,22.77892361111111,2.857142857142857
a7c88262832dfc683781d6a421edefae,5,5,1602.4199999999998,11.17672685185185,-11.366541666666667,4.2
9dc79dd988ac42f4d56c340d7048420a,4,4,843.93,6.5215046296296295,-9.167847222222221,4.75
b43d8b707f887a30f4675391098354a0,3,4,1526.7599999999998,19.93375289351852,-10.239363425925927,2.5
c42fd8e4d47dfb18ce5222f2dd7752f9,7,11,628.63,34.29121948653199,10.124243476430975,4.0
be8e909810184b9b19e886129149d8e5,15,15,846.08,15.356016203703707,-6.698059413580247,3.7333333333333334
ead2bab70821ea148476ae9bc08548ac,9,9,528.3,7.322022890946503,-18.672566872427982,4.555555555555555
d9d43faf741ceaa8da52fdbb81d9e0e3,6,8,421.2500000000001,9.54569637345679,-15.188873456790127,3.5
b5e3e38609125694d2ea2417522a60b7,16,17,1296.18,17.78087418300654,-7.1084735838779975,4.352941176470588
85044848b1b767db2a4a58526adef4b4,4,4,305.51000000000005,8.78732349537037,-11.271443865740741,3.25
ea3ebea5317b0efbc663ecc8ce5e9bc2,3,3,357.35,9.390617283950618,-15.540046296296296,4.0
d73cbd89533ce8b041a9190241453ac8,4,4,433.62,12.21965663580247,-12.379135802469136,3.5
165b1235e9e9942cb5fae67103576fb0,10,15,2192.6999999999994,7.1617654320987665,-7.360318672839507,4.266666666666667
c00396cbdd2e088fe4281baa5920aef1,1,3,905.8500000000001,12.10460648148148,-9.286527777777778,5.0
b90e891671cffd9557f33a97dc523645,34,39,5081.31,7.579306445868947,-15.620627967711298,4.128205128205129
aac51c486b672a9850d59f3e84b1cf88,10,13,859.57,4.934210292022792,-6.984592236467235,4.769230769230769
2ee0a0689f2f6a72f35a7cb6033f6e7e,4,4,324.84,9.681559606481482,-11.232589699074072,4.0
98e164d549402270247f3c96a1a158ef,2,2,187.42,8.833802083333333,-10.223449074074075,2.5
ce33c6211beaa8fef4cae8b52db39862,1,1,63.519999999999996,18.73243055555556,-10.605543981481482,3.0
0aa2205ca24f113f4658a5c536667426,4,11,988.0999999999999,6.862206439393939,-13.369831649831651,2.8181818181818183
e5899683388855d3dabe8913bbe365de,3,3,533.8599999999999,7.721361882716049,-19.321427469135802,4.0
8cf21434553b02cbd37c0bbd07e041b0,2,2,162.13,11.212523148148149,-14.15105324074074,2.5
3d01d1c414c44b5943a09619ff3853cb,5,5,484.94000000000005,13.825367476851852,-13.151562499999999,3.8
4e85b538b0dad58852641540686d0e14,4,4,436.34,17.22519675925926,-5.189976851851853,3.75
89de2d6f23e9746ff309705b23581faa,8,8,500.0799999999999,9.644796006944444,-16.088311631944443,2.7142857142857144
d594982fd877af63ace38ea1fca27c76,7,7,309.7,8.089442791005292,-12.61591435185185,4.428571428571429
6548c2550b6e2d8f18053216e1c7b6f3,3,5,287.55,6.334023148148148,-6.88299074074074,5.0
85ecf03781da592876b7844acc1b729f,2,2,294.9,15.553564814814813,0.3337789351851854,4.5
d90fe2229fee1a5da999ccd0c06c1667,3,3,516.91,9.816265432098765,-14.753614969135803,4.666666666666667
5566627eab3fe93fd6ee08798226101a,5,5,187.81,8.814136574074073,-16.563442129629628,4.4
1b1ae47a313a825a7ccceb8e2e30fa9d,10,10,1897.98,10.161044238683127,-12.940910493827161,3.7777777777777777
87b4428a334b8f676fd9a7f3bf544fb5,1,1,48.98,6.9279166666666665,-23.26480324074074,5.0
c8665a4dd081a2c436b1cd921079d0d9,1,1,93.53,4.243194444444445,-23.22318287037037,5.0
a414555ce331b8c8aea4a9cb8395194d,6,7,1179.18,7.293587962962962,-11.739623015873017,3.8333333333333335
d63f306de130e0391d38a792541723b8,1,1,56.6,3.3584722222222223,-3.2182291666666667,5.0
e4f121bf6ef8b9a1d4d3e65dd0473fab,2,2,106.46000000000001,21.336834490740742,-1.532471064814815,3.0
10264f60a8f0a4d2f30810f5c661c673,4,4,326.46000000000004,4.128816550925926,-7.955245949074074,5.0
9ac75591b69c3402684b6ce0310f22ee,1,1,69.67,2.984837962962963,0.9082060185185186,5.0
bb7a14e229b1c95156719c3d9552eeee,11,11,3519.45,11.600447916666667,-9.812314814814815,4.181818181818182
0fe2d9733ed841eb064503920015a8c0,3,3,498.35,8.665925925925926,-12.552743055555554,4.666666666666667
43402bdf22aa2310e8f99e2f94f78628,3,4,566.55,18.41904513888889,-33.239638310185185,3.25
979e9f8b5b39dd243a2550c8b05aecf0,3,4,571.88,8.526406249999999,-12.76243923611111,5.0
05a48cc8859962767935ab9087417fbb,1,1,59.39,11.276516203703704,-17.21957175925926,5.0
73da1880b39c71de2b262bc7720c1494,2,2,444.99,8.223836805555555,-13.28140625,5.0
e5def42655b7490edac5a56fe8e9e603,1,1,141.42000000000002,5.83462962962963,-13.251030092592591,5.0
c0e0b73d039eb9a99b6ce4cb7a429cd3,1,1,37.56,4.986238425925926,-12.351886574074074,5.0
693660429f9dc4ff704eb3d88dad54d7,2,2,148.12,3.5799305555555554,-16.202916666666667,4.0
63704069d9bd3a75c1cf59babe56004a,1,1,66.69,18.27550925925926,7.776087962962963,1.0
4e42581f08e8cfc7c090f930bac4552a,3,4,453.8,47.10233796296296,12.860358796296296,1.0
553a440137d6e0cf776aee0bb83ac9f5,2,2,175.14,23.001585648148147,-5.876875,1.0
b3e2faf2c1004d674f16a3aa3197f0e1,3,3,95.24,6.792133487654321,-13.227947530864197,5.0
d263fa444c1504a75cbca5cc465f592a,1,1,444.07,9.542453703703703,-13.050289351851852,5.0
6a53b90c3ad9e0b56d9fe5c69165fff5,2,4,194.77999999999997,11.870266203703702,-6.208570601851852,3.5
bb3dca718920a4d7ec3cc9ffb025108b,2,3,201.7,10.654934413580248,-37.73061342592593,2.3333333333333335
8ea394aed8138685abe1eb9f25e1021d,2,2,1417.6,11.29025462962963,-8.751157407407407,4.0
be1e9e378700cecaa4ebf71433d7915c,2,2,157.51,48.17583912037037,24.263420138888886,3.0
9da15f4a4ea758d9eeb49000dbe57e22,1,1,234.61,22.51039351851852,6.047164351851852,2.0
a09a13f18ed27932d08438aa6f12756e,1,1,46.01,8.917627314814816,-22.27857638888889,3.0
173d56ffbd4c56cb80fc3615487d712b,2,2,397.61,6.838940972222222,-16.248275462962965,5.0
fb503a924a0b9db19d83dd0ac6dbef8c,1,1,31.82,6.547800925925926,-17.41818287037037,5.0
e09887ca8c7bf8a4621ce481820414ef,3,4,178.66,42.059888117283954,25.104089506172837,3.0
bac692d6c0ed08467878018e6cc9c26c,1,3,559.23,7.197361111111111,-16.121342592592594,4.0
6624bc09786f0e41ae48dfc5eeb1a9e2,1,1,107.01,15.795405092592592,-33.26133101851852,5.0
cd2169d9f31ff6fbb9ca3373b0c9e354,1,1,625.33,15.16494212962963,-16.344456018518517,4.0
c026ef0d72e9132d9fa112308090c8dc,1,1,557.72,11.181145833333334,-6.3340625,4.0
13d95f0f6f73943d4ceffad0fc2cd32c,1,1,309.32,22.338900462962965,2.855462962962963,3.0
1d953075c2f0dd990bacf27b83b330f1,1,1,78.32,7.282638888888889,-23.23414351851852,5.0
ce4755084bc097113867e6454f8f5e52,1,1,31.689999999999998,6.389606481481482,-10.133657407407409,5.0
0bb27263628258b8111a0262769fa9db,1,1,33.16,41.68077546296296,-16.593923611111112,5.0
1c742ac33582852aaf3bcfbf5893abcf,1,1,113.69,6.017256944444444,-19.310625,5.0
5563732abe64c3036cb97ad924128dd1,2,3,441.6,10.91849151234568,-10.152588734567901,4.666666666666667
c9d2ba8dde44a275ae06475ed1d2fafc,1,1,43.31,8.417430555555555,-19.559166666666663,5.0
6dd7dce75cd55c1ce255dc38d9f0cd46,1,1,96.33,12.228090277777778,-19.157465277777774,4.0
a150c540f572d0fb53992264bc5c10b5,1,1,135.49,10.858275462962965,-19.21172453703704,4.0
4ce6e5f6c52515177e18c1c9361d8677,1,1,252.26999999999998,,,3.0
62d977e2b2aee830de3e039a28490d12,2,2,432.12,,,1.0
164a5a8794e6d42e14f55e447b12a3bc,1,1,136.76,13.407523148148147,-18.11684027777778,5.0
9b00cad94ef3078faf6fba2e792c158f,1,1,373.82,19.39923611111111,-15.097604166666668,5.0
1f7dfad2cb384ea4d2d7e1ffbd78c407,1,1,57.29,6.361909722222222,-3.085150462962963,1.0
43a1d4bab73b816e44ef4e4facd9f9b5,1,1,205.4,9.82519675925926,-20.49628472222222,4.0
4f40d2ed38d1cc945364a7cd202a82c7,1,1,336.89,,,1.0
d1aa1ec0839dcab73a6161130eb1f94a,1,1,136.04000000000002,35.02212962962963,2.453275462962963,4.0
dbc51f5e45d654ecc16cb68e6817ecea,1,1,218.13,17.74240740740741,-6.320844907407407,4.0
fd435faa3c0422b60440ea3480d0e77c,0,0,,,,
40db9e9aa57f7bb151bcda6b0f9bdbb7,0,0,,,,
08d1c9478fb0d7d7fcac9c0da4e82fc7,0,0,,,,
0873d9f8f36123f8d910f4760e788cfb,0,0,,,,
87b740daf17b5d1be335a64164ec6842,0,0,,,,
df560393f3a51e74553ab94004ba5c87,28,29,4267.33,18.07669495884774,-12.983283607681757,3.7241379310344827
fe2032dab1a61af8794248c8196565c9,293,305,70396.06000000007,10.574947726303604,-10.32809865375243,4.395348837209302
218d46b86c1881d022bce9c68a7d4b15,387,426,62431.260000000024,13.791700007734443,-11.02619149429859,4.14622641509434
5656537e588803a555b8eb41f07a944b,174,188,11442.960000000008,11.42255261511512,-11.22702170920921,3.8031914893617023
87142160b41353c4e5fca2360caf6f92,302,336,37681.15999999995,10.717581500771614,-14.317987695656965,4.370149253731343
d3dcf0604eabf0224fbd5948b5e02f69,8,8,2289.5399999999995,18.58302662037037,-2.9372207754629627,3.75
a2deecd5398f5df4987110c80a1972a3,16,16,1119.5300000000002,8.307628205128205,-12.935335648148149,3.6875
23c38debaffe4a25a30fdbd9b586a13f,40,45,5943.799999999999,10.992501800411526,-10.031751543209872,4.333333333333333
b410bdd36d5db7a65dcd42b7ead933b8,44,44,8733.609999999995,9.20247382054674,-14.678761574074072,4.659090909090909
53e4c6e0f4312d4d2107a8c9cddf45cd,464,513,37621.459999999985,12.071079656321327,-12.712774096163761,4.033268101761252
4e922959ae960d389249c378d1c939f5,419,453,52594.15999999988,14.60282527049522,-12.384565907199336,3.892857142857143
23d7c96d4a1160db1c726b248601b25a,52,54,11901.779999999997,12.429594453522151,-10.58345406681191,3.8627450980392157
afa6714acee029b2dfdf357e5579cc03,16,17,3603.5799999999995,12.618579793028324,-13.130778867102396,4.0588235294117645
850f4f8af5ea87287ac68de36e29107f,174,179,37392.560000000034,10.333170971181865,-13.810652699750305,4.25
2709af9587499e95e803a6498a5a56e9,26,47,1859.0199999999982,12.697238828502417,-3.7871641002415433,2.5652173913043477
20d83f3ef0e6925fd74bfd59170babf7,40,54,3557.2099999999996,8.516469478737996,-10.886395318930044,4.351851851851852
bce6a5ecf98e99fd2a8868b15c51f04b,13,14,2865.22,10.877231316137566,-6.662899305555556,4.071428571428571
2e0dba2da448400b1c11d7b4b22f32a4,7,13,407.7,8.837432336182335,-14.762808048433051,3.769230769230769
f61c63d13f7cd800549d5acdd390ae72,26,26,3501.690000000001,11.747184829059828,-10.534161324786322,4.0
fa1c13f2614d7b5c4749cbc52fecda94,524,525,140938.82999999987,13.650507345085474,-9.410870882300571,4.322456813819578
080102cd0a76b09e0dcf55fcacc60e05,124,130,7912.709999999996,9.722531919126155,-11.131869665075234,4.492307692307692
34d1ca11b242c0fee2c834ae8d788566,40,41,14404.280000000004,13.131423893405602,-13.355037827461606,4.3
4a3ccda38b2129705f3fb522db62ca31,64,76,14080.380000000001,13.576191966614504,-10.308886117631713,3.75
b32be1695eb7ec5f10f72d9610a12527,13,13,3137.04,10.41091724537037,-12.568907214506174,4.083333333333333
827f8f69dfa529c561901c4f2e0f332f,91,104,5003.96,13.23237947382479,-10.347803040420226,4.254901960784314
da7039f29f90ce5b4846ffc0fcc93beb,17,18,1503.5500000000002,8.86259130658436,-11.026084747942384,4.555555555555555
f4a04f7be452aa3bb31760bf00055dd0,18,18,1553.95,9.14142939814815,-19.179881044238684,4.666666666666667
5c243662ce92d84573bfaff24c3e3700,98,100,34637.66,10.806852083333336,-13.102398263888894,4.1313131313131315
f46490624488d3ff7ce78613913a7711,82,90,7352.049999999999,10.012267441860462,-8.38448697243755,3.4444444444444446
fdb9095204a334cd8872252ffec6f2db,46,61,9289.369999999999,8.870835610200363,-11.2044351472374,4.131147540983607
8b87cd0d43d49b9bdf40f56229364d59,3,3,1156.3600000000001,14.811921296296296,-5.262476851851852,2.3333333333333335
4b9750c8ad28220fe6702d4ecb7c898f,218,222,19305.100000000006,9.406085030165904,-8.676571246019774,4.351351351351352
5f5b43b2bffa8656e4bc6efeb13cc649,27,29,4232.650000000001,14.025877634099613,-13.236331816730523,4.448275862068965
9674754b5a0cb32b638cec001178f799,86,97,6284.83,7.94667105263158,-10.404126218323592,4.0
2cb98e27ce1c18abdb42209b34c382a7,1,1,119.7,19.06452546296296,-15.330821759259258,4.0
835f0f7810c76831d6c7d24c7a646d4d,44,50,6094.030000000001,18.481009114583326,-4.967584394290125,3.3
34056b8b55c1775a22af2331670a799c,78,78,8229.889999999996,12.927642496392496,-10.199206950456952,4.0
701938c450705b8ae65fc923b70f35c7,75,112,15792.120000000003,12.521549674674665,-11.05254045712379,3.765765765765766
cbf09e831b0c11f6f23ffb51004db972,9,9,1215.2700000000002,4.509972993827161,-11.13957175925926,4.555555555555555
f181738b150df1f37cb0bd72e705b193,35,36,6337.639999999999,8.752010995370371,-9.412333140432098,4.472222222222222
270d3ef21830ad0ecf3a6c53d08a533a,6,18,743.6700000000001,11.425807461873637,-8.384717456427015,2.2222222222222223
42bde9fef835393bb8a8849cb6b7f245,35,40,8487.840000000002,9.827450439221272,-13.495911977682809,4.2
79ed755314cfe6df0daef2c6cd3022cd,23,25,4366.66,9.278411111111112,-12.621816666666671,4.695652173913044
7bac63f6603d382cc8d0832eb6c100a8,14,14,4401.45,15.386679894179894,-3.9720543981481478,4.071428571428571
30a2f535bb48308f991d0b9ad4a8c4bb,71,87,5815.359999999997,8.40710727969349,-12.19957934227331,4.252873563218391
b39d7fe263ef469605dbb32608aee0af,44,49,6255.7699999999995,13.300397858796295,-15.621320167824067,3.75
2745f798279e0ed033addcc1474776d7,31,31,4053.1999999999994,13.467780391278374,-9.877385752688172,3.933333333333333
c0563dd588b775f2e37747ef6ad6c92c,28,28,4094.68,10.86057415674603,-8.382554976851852,4.357142857142857
6c177e38df6d3f34182b1f1d427231bf,55,56,9376.53,14.304833033264744,-14.07258123285322,4.035714285714286
1fe5540d7c1c37a595fefbacd5570d9e,20,25,5118.75,11.997797222222221,-13.707875925925928,4.28
ca77545ca4d2dfd1431bf61334e2fa3c,6,10,973.71,13.283905092592596,-12.017520833333332,4.8
615005a3ef192c00c6f0e977cee3d2bc,10,11,442.14,13.398623737373736,-10.264978956228957,3.909090909090909
6e4a902d1054e4e17aa6eab87fac1c75,7,8,695.7,6.364619502314815,-4.490364583333333,4.25
eb3071b9f0b0ddaa2df5ea130f09f26b,4,6,3114.42,5.178076774691358,-8.401255787037039,4.833333333333333
f12d3c2a14729ae461b920c11fe20fdc,9,11,459.32000000000005,4.866111111111111,-11.242855639730642,4.2727272727272725
7e3f87d16fb353f408d467e74fbd8014,92,94,6193.699999999999,12.558290521704501,-9.76816283353246,4.127659574468085
dc317f341ab0e22f39acbd9dbf9b4a1f,28,30,13372.580000000004,11.946699074074075,-15.753886574074075,4.266666666666667
2e13c71026e1a39ba5cc1b86dcb679aa,24,28,4310.209999999999,10.368659060846559,-13.48733382936508,4.25
05f51e13da97139648b8125c31e5f51b,52,54,11002.699999999999,12.459711761039877,-9.029886262464386,4.055555555555555
26e2c91ef821e1ff8985f408788fe35b,12,14,1923.87,24.875859788359787,0.057979497354497464,3.0
9d5604a1f112324ad6b2aa552122e0fb,13,17,761.98,12.085738017429193,-13.418914760348585,3.6470588235294117
57e632711dec9ec14ca7546769483e7e,62,65,7558.039999999997,10.777448896011398,-16.174551460113957,4.446153846153846
49e7217cfe4e427191c378ec626d8737,12,13,2431.4100000000003,15.408163580246912,-10.495803433641976,4.0
7315baebc0572ff220d226283dc66728,2,2,76.22,8.092291666666668,-11.92541087962963,4.0
9bcdfa7b615b3abb9461d9e3ad9886ae,14,20,2523.7900000000004,11.408699652777777,-14.11404629629629,4.6
c679fb69a36e1d8349e8c50a217b4d58,14,17,2213.89,10.436830746187365,-8.917937772331156,3.5625
013900e863eace745d3ec7614cab5b1a,23,26,2089.37,11.491611467236465,-15.359030448717947,4.730769230769231
ca7c6bd577e559472af1c699de9e764e,6,8,218.81999999999996,4.270792824074074,-8.027485532407407,4.0
ffdd9f82b9a447f6f8d4b91554cc7dd3,14,15,1315.4599999999996,10.06844984567901,-11.868550154320987,4.466666666666667
35b96509602ec4b7da831b5cd73ff2c2,2,2,606.45,9.125092592592592,-13.275127314814815,4.5
0d85bbda9889ce1f7e63778d24f346eb,50,57,6174.070000000002,18.486928606237814,-9.313242974333985,4.196078431372549
028872bfa080090a9d0abd4f1af168f8,1,3,117.87,16.481273148148148,-14.136261574074076,5.0
638cba8be1fb599bbb76fd6948351eb3,17,26,913.8700000000002,8.502627314814815,-10.837690446127949,4.615384615384615
720e6cf846ea7572cbb66b743fb91e6c,1,1,68.55,16.14633101851852,-6.337164351851852,5.0
efff9341f3f8f5237b44ff67ed36a7bf,5,5,972.65,11.931902777777777,-8.769101851851854,4.4
6b333a05bf188ef3e1f1662a86bd9855,7,8,1057.9400000000003,7.923582175925926,-6.856210937499999,4.625
78ef7e885d17f35e2382a47aae8b8cce,3,3,453.43999999999994,8.66204861111111,-19.459309413580247,4.666666666666667
72bc2cce903c872fe376a8faaa81d237,17,18,2404.97,8.86798482510288,-7.811837705761317,4.444444444444445
575df70bde3f9f2b30bf8d2e9910d725,26,33,5904.089999999997,13.28577581369248,-17.176009750280585,4.212121212121212
f125f3a310c2e5f822d116147de1e474,16,22,3049.2900000000004,14.03916245791246,-9.434497053872056,4.363636363636363
e3e15e2c0b9700561efac21c6be48066,3,4,139.74,,,2.5
236585a4ddb5fea9fa40233e2249ed91,11,11,837.6700000000001,13.136474116161615,-12.473392255892257,4.090909090909091
1eade46fba20122dc4aefb379f8c636b,58,75,4673.710000000001,12.068996913580243,-6.886778240740738,4.306666666666667
af3ef48d0e13835e529c29ac573c63e5,21,21,1873.1299999999999,7.9285300925925934,-10.687555114638446,3.761904761904762
48985c61529077fa4f1e38bcff0f2ed3,7,7,1027.3700000000001,10.342812499999999,-20.815127314814813,4.428571428571429
41c9d3997dd3c072c31139dc5bb5761f,3,3,1110.54,22.20698688271605,-9.816871141975309,4.333333333333333
e58a5b390e28abc0b216cfb0e07d27d7,7,7,1167.23,7.598201058201058,-18.898331679894177,4.857142857142857
c60b801f2d52c7f7f91de00870882a75,36,36,8175.319999999999,14.796658068783065,-11.156989748677248,3.3333333333333335
87f3e35268860433e13d577825aada95,3,3,203.48000000000002,51.49710648148148,-2.654988425925926,1.0
0743a0239d764b9a0f959a57d07e36ab,4,4,403.21999999999997,5.358070023148148,-6.329782986111112,4.75
fa74b2f3287d296e9fbd2cc80f2d1cf1,11,11,2635.6800000000003,30.38007407407407,-4.8154861111111105,2.3636363636363638
888faa8bfb0b159c37de6d898b961c31,18,22,2509.730000000001,8.291490425084175,-14.492005997474747,3.8636363636363638
f5b44895715ddfe3087dc414f30268f3,19,19,654.4399999999999,12.497305677387915,-8.98529300682261,4.0
92d14edfb62ee5ae7fdff70b0f4e7233,8,13,487.6500000000001,7.015035612535612,-11.423198005698007,2.769230769230769
a5bff0f43eb51f0cad7c37fac7244c8a,4,5,541.27,15.689243055555554,-12.38076388888889,4.8
78a4d36f65a019172c6154468831a69f,7,7,1768.8999999999999,15.509279100529099,-10.76633597883598,4.285714285714286
a218df5c097b0ca409cfaac1488cc7f6,4,4,240.7,11.561912615740741,-17.56714988425926,2.75
83c465a786b06574376909b35ef6752a,3,3,330.46000000000004,5.269764660493827,-20.955069444444447,5.0
0b3f27369a4d8df98f7eb91077e438ac,2,2,171.39000000000001,7.161655092592594,-9.130734953703705,4.0
babcc0ab201e4c60188427cae51a5b8b,1,1,93.13,8.19707175925926,-10.370173611111111,5.0
51e0557bc7b86de13e946c60ee91ce39,1,1,63.4,10.434085648148148,-8.508263888888889,5.0
3a1a1fec38dd360f15fc912e821e169d,14,14,1888.6100000000001,13.306726190476189,-5.517341269841269,4.071428571428571
081acf3de680d554796c9cf041be7bc2,4,8,1802.8000000000002,13.575645254629631,-17.373774594907406,4.125
dfc5fb7259bb2b599ca565e6e9448f0f,33,34,6845.980000000001,14.346329316448802,-11.51875714869281,4.117647058823529
eaaa46e98c9e61f6764dd1d7a2ab8b3e,1,1,125.64,11.097199074074076,-11.313993055555557,5.0
c3f5668699a1b04c0fa61ecea1e2bff6,3,3,514.9300000000001,12.12863811728395,-4.600208333333334,5.0
bb7ad8a45c027be8ab075b8e465f8ca0,2,2,52.620000000000005,5.669924768518519,-13.576105324074074,5.0
820cc752a266cdc6c1a1e61dd4583330,15,15,3078.7700000000004,13.962199074074075,-11.039551697530863,4.133333333333334
3d5d0dc7073a299e31fa718ce1bc00b6,23,24,1178.13,8.343190761784511,-12.402047032828285,4.166666666666667
7957cac1a02f45d0a4a7e45626382ec2,1,1,364.64,26.32175925925926,-1.2548263888888889,4.0
4a23adac87cf538689fa600d976f78b2,3,3,440.4100000000001,8.555979938271605,-8.235327932098764,4.333333333333333
d5c530f4884a75ae0dba9c148718d278,6,9,444.93,8.279427083333333,-13.397806712962964,2.6666666666666665
94ca168e8bcb407ab85c5da308863027,5,5,311.65999999999997,12.48764814814815,-7.668967592592592,5.0
c70a353f02429c00775a46a75fb787da,6,6,336.94,6.758491512345679,-10.585632716049382,4.666666666666667
d149de2f383552baea37a7198c2296ce,3,3,354.37,4.890138888888889,-5.710385802469136,5.0
4be6b962d83299498bae2190f95d6566,11,12,691.0900000000001,7.3586101466049385,-11.433565779320986,4.181818181818182
4b0fdb526525f9890eb145bf1534640e,18,20,2954.21,8.768653356481481,-8.681181134259258,3.95
d9cd369bffa979d1634f8e1318bf2f1b,3,3,744.8100000000001,11.24925925925926,-23.77301697530864,5.0
63bc58679c44e8a998792119fd7ad23e,1,1,34.01,,,1.0
e433f5fd4050e3352b5d83522b7fe24b,1,1,596.77,7.448333333333333,-6.061400462962963,4.0
1992f8fb6b19fcccd97ca819811e7267,1,1,40.02,,,1.0
09bad886111255c5b5030314fc7f1a4a,5,5,560.36,6.468912037037036,-3.648627314814815,5.0
c64a2aec32cc408a8a4c6d7c46017f91,8,8,3163.1899999999996,21.03470920138889,-11.698304398148148,3.875
f235413f677777a0738ff215d0184901,3,3,1788.3400000000001,6.278344907407408,-32.426695601851854,3.6666666666666665
8a40ae794fa3f9892cee24bd5af0488b,6,6,946.2599999999999,27.80233024691358,-5.770414737654321,3.1666666666666665
ac51cac5e20d69ff485a54746488ef48,4,4,833.77,16.31224922839506,-9.783479938271604,3.5
2f3d8b4c9e2ee165075331fea3f3095a,1,1,147.35,12.331180555555555,-14.212523148148149,5.0
fa8d335d68129e464e60c1826a683e96,1,1,174.68,22.21934027777778,-10.41324074074074,4.0
d2572f31e9023e9850ef986a636ff9bf,1,1,305.69,10.130671296296295,-20.349328703703705,5.0
ae45ad30c2d2e5913094769690a239d2,1,2,283.06,19.199479166666663,-14.24363425925926,5.0
9b1050e85becf3ae99c1cf4934c9bc5d,2,2,115.34,,,2.5
131fcb0a0c9a47bba4474aacff0f14b7,4,4,406.41,4.300601851851852,-7.159372106481481,4.0
44f091b5abab8018f682fce8124b85e5,5,5,889.2,15.188487654320987,0.4275694444444446,2.6
64cc804291f90c81f02bfc2bb58ff55a,2,2,564.14,14.760040509259259,-7.8856423611111115,5.0
65c255b299faf2d12050937cc219c46c,2,2,110.08000000000001,7.089606481481482,-11.834837962962961,4.5
75745ef7bc7d4f3ea3380f6f5303f514,3,3,277.32,5.69443287037037,-20.790000000000003,5.0
c0f3eea2e14555b6faeea3dd58c1b1c3,1,1,95.64999999999999,5.6671875,-15.314710648148148,5.0
0cab2da43793a6f3c5ed8514c5f54627,3,3,366.90000000000003,5.005370370370371,-20.467916666666667,5.0
9d213f303afae4983637247556438ede,2,3,120.81,6.905385802469136,-11.582484567901234,5.0
3d39fbf22a665714baf62fae36029e23,8,8,2634.83,8.574801793981482,-12.700733506944445,4.75
0f519b0d2e5eb2227c93dd25038bfc01,1,1,102.9,12.271921296296297,-39.22060185185185,5.0
0b46f784306be7200ca1700aa55d819f,1,1,30.86,3.243657407407408,-14.397592592592591,5.0
83b08de96980757220871b31bf6cffca,4,4,331.13,14.533020833333332,-1.3992158564814814,3.75
2d34636518ba88f5349b732fcf8ba2e4,1,1,168.63,10.83261574074074,-27.31633101851852,5.0
9535a841eecebed61a9fb1ac1cbb5597,2,2,818.33,9.502650462962963,-16.934780092592593,3.0
96e5dc09087bad639b4ee193104ec2e5,2,2,154.44,7.808726851851851,-7.678518518518519,4.5
ea4e9ce63a2134743b4a92777437fcdd,3,4,382.3,9.196814236111111,-27.475109953703704,4.75
1de62b6f2fd96227629786db492433db,2,2,237.53,8.23564814814815,-14.601319444444446,5.0
f307937c1bb287c3efc2a514b94b0d1d,1,1,216.60000000000002,12.577673611111113,-19.432002314814813,5.0
0a198e95d32b1be2da9424c962a6ebfa,1,1,86.66999999999999,16.04769675925926,-3.4454050925925928,5.0
918717417d88a9f9ae9735567e6c7682,4,4,389.22,8.146559606481482,-12.621461226851851,5.0
46ef1a25845fc051c2998d878354810c,5,5,348.45000000000005,16.845016203703704,-3.947131944444444,4.4
d7ab82074b5f1dfba46db123df101bff,2,3,83.97,5.662210648148148,-21.983406635802467,4.333333333333333
fb8904a8ea99f8831b64ce27db2c1765,2,2,302.36,11.159346064814816,-2.5794560185185187,4.5
5e9f5bd34e0830569f05c9d4f56e04a8,2,2,274.86,10.026510416666667,-9.687170138888888,4.5
4125d9385a25e82d2f72d3a0fd55bc3f,1,1,61.3,8.990208333333333,-3.323287037037037,5.0
d6cd01c59123df02fc226eadbadb5f89,2,3,276.11,18.50306712962963,-9.533483796296297,2.3333333333333335
c7246702dc991a06d788120dc7544391,1,1,72.52,20.98670138888889,-3.064930555555556,5.0
ec8463980a4e0ea9f8517aea1ed0c419,2,8,357.9599999999999,13.354114583333333,-0.016345486111110974,5.0
8c351ed7c326c62123318f4f3246e906,2,2,150.66,10.105011574074075,-13.724265046296296,5.0
43b2c864251aa0ce4030c746984e088a,2,2,129.32,5.6157812499999995,-8.292193287037037,3.0
fc4751cfe3b279c419615b9b00c1abb4,1,1,471.05,8.010011574074074,-27.32818287037037,5.0
1b0b0f4f95e962d6f32fe90c759d0479,2,2,163.17000000000002,9.46238425925926,-8.99924189814815,5.0
23ca5f678e0b3ea6c630b30fa8bf51ea,6,7,279.39,7.506428571428572,-17.765955687830687,5.0
269cff2d3c8d205c11f37a52402ea93b,4,5,1415.0,7.116787037037037,-8.65373611111111,4.4
809413606dbfe5deefd2db646693ef67,3,5,247.05,8.312050925925925,-7.334104166666667,4.2
5f57db27027655e6c6a391601daa0258,1,1,151.04,14.373472222222222,-7.180821759259259,5.0
9b1ab052f5fca308ba743ac789ebb2e1,2,2,326.08000000000004,10.214050925925925,-16.024091435185184,4.0
96f7c797de9ca20efbe14545bed63eec,1,3,176.97,1.9462268518518517,-13.146180555555555,1.0
c74f14c1e26cf1bd5bd34b6a1e274426,1,1,55.79,24.23091435185185,-25.97372685185185,5.0
265fdc289dffa9f1ad801c74f7d0de47,1,1,546.55,7.357453703703704,-7.127997685185186,5.0
333c4210e76a1aa2ab817b99437e3ff1,2,2,402.42999999999995,7.161348379629629,-22.707187500000003,5.0
120476eb7a04c149d14772edaf5d9bf2,3,5,1176.1899999999998,6.042319444444444,-12.138678240740742,3.6
6d04126aba80df143fd038e711b8fd96,1,1,108.86,37.079166666666666,16.696944444444444,1.0
57a834594e1e9e9219603bfec184eadc,1,1,166.05,6.109594907407407,-36.29197916666666,5.0
47f55702f598c7c6cc8458b0fbc1c49a,2,2,163.39999999999998,17.29196759259259,-10.292858796296295,5.0
be7a093e5b4d147b36b72bb1f9e415e5,1,1,83.25999999999999,5.328877314814815,-21.223229166666663,5.0
1fa2d3def6adfa70e58c276bb64fe5bb,1,1,15.9,6.255381944444444,-35.20011574074074,1.0
e732329483fd5f27367dd997b47f598a,1,1,144.47,12.152314814814815,-13.202777777777778,5.0
4965a7002cca77301c82d3f91b82e1a9,1,1,16.36,6.269537037037037,-12.329814814814815,5.0
ceb7b4fb9401cd378de7886317ad1b47,1,1,416.45,,,3.0
781a66c0d89e30814d49fe8b5e14cd07,1,1,136.3,33.1228587962963,10.651435185185186,1.0
f8f35af4634605e6693c17cc3ffff5a8,1,1,106.39,10.140243055555556,-13.10633101851852,5.0
2d8cfba3fcd3170555941605edaa196a,1,1,55.96,4.953564814814815,-13.559097222222222,5.0
3e35a8bb43569389d3cebef0ce820f69,1,2,84.67999999999999,7.917349537037037,-9.257881944444444,5.0
bcd2d7510d58e293f20fad6438c1b314,1,1,39.46,33.19689814814815,4.682222222222222,
3820c6537b3853be1a0687d5a60807ec,1,1,35.96,,,
1444c08e64d55fb3c25f0f09c07ffcf2,0,0,,,,
76833248bbc0e65a0293ec62023e4396,0,0,,,,
7dc9a3355bae96dd82008b313d3a456c,0,0,,,,
61c36f0fc4a47f9532e5512b66668e62,0,0,,,,
c4af86330efa7a2620772227d2d670c9,0,0,,,,
9b1585752613ec342d03bbab9997ec48,0,0,,,,
8de8fe3af4449ed695d2434c933ed73e,0,0,,,,
c52c644cc0dc85121207a27013efc6af,0,0,,,,
961dff0a659b4561334372337dd897d9,0,0,,,,
0015a82c2db000af6aaaf3ae2ecb0532,0,0,,,,
bfd27a966d91cfaafdb25d076585f0da,114,115,21928.309999999998,12.221041149966931,-14.599944299768518,4.292035398230088
70c27847eca8195c983ed7e798c56743,77,98,13529.179999999998,10.848642172146635,-11.184921225434618,4.204081632653061
e38db885400cd35c71dfd162f2c1dbcf,30,32,2737.5499999999997,12.689117476851854,-11.851306785300926,4.5
18a349e75d307f4b4cc646a691ed4216,121,148,10909.559999999989,11.06519766348379,-14.099788682725691,3.3945578231292517
31344c16881c08a8a72c6d2eb29918c1,33,33,8562.420000000002,15.970848765432097,-9.515788790684624,4.333333333333333
37515688008a7a40ac93e3b2e4ab203f,228,240,9417.700000000017,15.078823173330234,-7.350922681311016,4.084033613445378
ef30892870c278497523264be1be2241,9,9,892.54,8.079983281893005,-15.709467592592596,4.555555555555555
99a54764c341d5dc80b4a8fac4eba3fb,42,63,4284.699999999999,6.961810222520907,-8.73886163381123,3.467741935483871
55029529919c0123526150bd26ca8f20,7,7,588.83,8.695739087301586,-13.691099537037038,4.714285714285714
ca3bd7cd9f149df75950150d010fe4a2,67,131,11233.430000000002,13.051642800746485,-16.507650283519954,3.7786259541984735
db4350fd57ae30082dec7acbaacc17f9,137,146,5421.640000000003,10.869059067688376,-14.873701149425292,4.124137931034483
d66c305afaec317ebee552073a674429,39,45,5119.560000000001,9.624517471340386,-19.56713514109348,4.4
6338ea67c41078a46ad99cc009654956,37,44,3210.39,13.20001025883838,-15.072610216750842,4.609756097560975
709e16e2b25c7474d980076c6bfc4806,60,80,6378.859999999997,10.45726996527777,-12.557945023148141,4.525
3df020b72d3d44b3af9d110fa3940b65,55,101,6749.470000000001,12.833123854052067,-10.184471718005131,3.9504950495049505
65febd49fd28ec955651299159b1f527,34,39,5069.760000000002,7.134040290290292,-12.589056243743743,4.205128205128205
3361277dc30b7cccdb0c286b24219756,29,42,4540.900000000002,13.87090222663139,-14.3754863866843,4.214285714285714
eed78ac17f7f795a19a709745f00cd4e,22,56,5195.840000000004,9.831139839616402,-12.248962673611118,3.4107142857142856
d5ba419e26d246a0719437cf37d9b46d,34,35,4581.51,9.784910811546842,-8.409470656318083,3.823529411764706
51e4e89242cbb846c2deff3dc015650e,16,16,1175.75,9.21369357638889,-15.226755642361113,4.625
f0b47fbbc6dee9aafe415a6e33051b3f,68,86,5132.190000000001,10.35016149237473,-12.011778867102395,4.232558139534884
63b464dbf392c7b80d12d932fa7cafed,37,39,7662.250000000002,13.191747380604289,-14.146218323586744,3.6923076923076925
cd68562d3f44870c08922d380acae552,125,132,20777.190000000013,16.780163921188624,-6.848772699540623,3.8396946564885495
e439f7176d763f92de325271111b2fd5,7,7,1584.02,9.92680362654321,-8.43726273148148,5.0
6a8a889bde935bafa76d7848782dfaf9,26,30,1228.6199999999997,7.5553692129629635,-14.396781249999998,3.933333333333333
70849ca4f400aaabb62cb7462a6f1428,12,12,1143.2399999999998,10.915981867283952,-10.222014853395061,4.416666666666667
8f119a0aee85c0c8fc534629734e94fd,77,83,4826.449999999999,9.895761459762234,-10.0959377857796,4.216867469879518
6cd68b3ed6d59aaa9fece558ad360c0a,149,157,13718.459999999994,10.455253007784854,-13.641445284854917,4.445859872611465
aa762680c40618316a896838866140ea,3,3,323.46,22.5642862654321,-8.556616512345679,3.3333333333333335
e48b04bf1aa1ef711caebeb7aede6180,25,25,3832.7299999999996,10.544004166666666,-14.933123611111109,4.48
bba3293d6f5d5af2f415e004e8b93ae3,8,8,4538.6,11.09349247685185,-8.133206018518518,4.125
b372ee768ed69e46ca8cdbd267aa7a38,63,69,13813.840000000004,12.324170524691361,-18.641912741545887,4.391304347826087
d20b021d3efdf267a402c402a48ea64b,90,106,5715.17,16.66131887708787,-5.205515500181555,3.638095238095238
b56906f7fd1696e043f1bcce164c487b,40,42,2995.42,13.57789489638448,-13.880147431657852,3.9523809523809526
289cdb325fb7e7f891c38608bf9e0962,110,126,15639.289999999988,6.65641787037037,-9.8727237037037,4.579365079365079
5160d23075764e18e07c1f4a87fad743,34,39,2915.4200000000005,9.392214912280702,-8.7016822002924,4.461538461538462
633ecdf879b94b5337cca303328e4a25,6,6,1125.49,25.722860725308646,7.310291280864198,1.8
8b2492b7ff4468839593fafeed55bad9,29,45,4336.260000000001,14.96350308641975,-5.751462962962963,3.888888888888889
3a490ba60afa30ece0e7d50cfe74a4f0,8,8,1695.07,11.933512731481482,-12.246137152777779,4.625
3a734b715d333a2588a3d54a0c9b8746,18,24,2859.16,11.602699514991182,-12.103143187830689,4.208333333333333
71039d19d4303bf9054d69e9a9236699,35,38,4158.65,13.388712536549713,-6.550101425438596,3.6842105263157894
8f54d64f28a993550aa7943f12572959,15,16,3133.1200000000003,13.924188368055557,-11.317393663194444,3.8125
7681ef142fd2c19048da7430856b5588,45,56,17636.690000000002,9.094833002645501,-8.764755084325394,4.2592592592592595
b335c59ab742f751a85db9c411a86739,33,35,3480.72,16.838304211469534,-10.409445564516133,3.6857142857142855
4aba391bc3b88717ce08eb11e44937b2,28,29,8076.04,16.728982338820305,-12.380469821673527,3.8620689655172415
b8555308bfdb4ca1ed54325a58da9a97,26,28,3630.0299999999997,10.28852885251323,-10.443108465608466,4.071428571428571
d97df38225e5abadaff1e72cb72b823c,29,29,2362.9199999999996,12.15200810185185,-8.61517691798942,3.925925925925926
985c92cc412091f8529c12d7f23d3fef,12,12,1606.63,7.550009645061728,-13.350291280864196,4.75
33ac3e28642ab8bda860a2f693000e78,34,35,4151.119999999999,8.664377314814812,-12.338071097883594,4.228571428571429
606ce7768feac12c5e8bd58db8b08f0f,2,2,486.04999999999995,12.904374999999998,-4.387575231481482,5.0
42ef3192a9ff87a22d1867b74b3ee205,23,23,1655.9699999999998,9.308129528985509,-10.245952093397747,4.6521739130434785
d5b9a084373da994a6e37f732169a853,7,7,1945.29,17.875863095238095,-5.522440476190476,3.5714285714285716
b18dc380845b24038cfc48006478f099,44,54,9248.93,13.993235918209878,-10.303725405092596,3.9245283018867925
0725b8c0f3f906e58f70cbe76b7c748c,15,35,2303.1499999999996,11.684978553921567,-15.290390795206967,3.742857142857143
d9e7e7778b32987280a6f2cb9a39c57d,11,13,986.39,18.997559650997154,-8.96062410968661,3.1538461538461537
66d5ae34537110d3affc56174dad2b2f,1,3,72.17999999999999,,,1.0
4371b634e0efc0e22b09b52907d9d469,102,112,9678.790000000005,10.74003607774441,-10.076026651651649,4.405405405405405
7ea5bfa6c340f58f8e71fc1f0412b0d6,98,104,12663.88,12.737575912309369,-9.49711079339143,4.077669902912621
3ab971ce71839580d2ae5b4e40fe8044,35,37,5710.160000000001,6.5069293338477365,-11.308224987139916,3.857142857142857
19a7c9f66ffa6452ff4b4c0cca71da27,1,1,338.74,25.18634259259259,-27.136944444444445,5.0
bb5bd94c8f59cc050072d2930c869cac,16,17,2846.64,14.84023420479303,-10.57887050653595,4.235294117647059
52f0fe436a347ddad7ed5f9aa4e27eaa,20,22,1422.4300000000003,14.095347800925925,-6.690488425925926,3.227272727272727
bc302730ea8cf49b5c74f579febb5bbf,9,9,1318.36,9.117534722222224,-9.926579218106996,4.0
bca9230d3bbb4efa51872bf605a2f1ad,5,5,168.2,7.05564351851852,-4.2200601851851856,4.0
b26741d31a563d769b4af0465ab20c56,2,2,695.03,12.684010416666666,-17.59660300925926,4.0
3d700782d7818f2c1e0d7a9e9d75fc00,3,3,235.10999999999999,25.728460648148154,-1.92014274691358,3.6666666666666665
7cf4ea70955b00d6b3c22542598e2715,1,1,204.81,7.103148148148148,-10.31349537037037,5.0
f9d010e39375d9c91dce3f40b73a2f84,4,5,1350.1399999999999,18.845645833333332,-4.677266203703704,3.0
4eb61f060e7dcc1d5a80d806c35cc541,8,8,1466.12,6.202073206018518,-12.50433304398148,3.875
4ea2f12dbe91deeacd2c1e74f069a6e6,4,6,280.27,8.440769675925926,-10.475273919753088,4.833333333333333
10ff823eda2b032e2c93d17a7d294736,9,9,1459.5300000000004,9.76951244212963,-13.587378472222222,3.888888888888889
bc2ac6b95e1accce9858528ee566c17e,18,22,2279.5600000000004,4.8828929924242415,-8.994789562289563,4.636363636363637
7813ea3ebd9411dc600b4dd01f7a97b9,9,9,1745.9900000000002,13.03318544238683,-9.242892232510288,3.888888888888889
3289d8c3eef4873f91ce0b1343c0dd58,1,1,219.27,13.827824074074076,-19.391284722222224,5.0
8f580d36c1e9d6fbce95283403c7d447,5,5,2225.94,13.094652777777778,-10.197076388888888,4.0
f680f85bee2d253556ac91be391d2c82,42,51,3682.3000000000015,10.172470724400872,-12.111232298474944,4.294117647058823
28d162ab86bb49d719c32f0ee6186eaa,1,1,127.19999999999999,16.388842592592592,-11.180289351851853,4.0
c8e135e7b21ecbc36c1153a29d2f5a06,7,7,1267.48,8.14822585978836,-10.465858134920635,4.857142857142857
4e8dacf3d38f281ae26c3e0321d92d88,10,15,2861.11,13.565163323045267,-12.017649176954734,2.466666666666667
0417b067eeab773d2f7061a726dc477f,11,11,1988.8400000000001,14.342670454545457,-5.103541666666667,4.181818181818182
8a8835a43bda99fd37310ad76c457510,2,3,258.54,6.612322530864198,-3.272079475308642,4.333333333333333
d9e8c084b68fe958861d8f2c21202e6b,8,10,471.98,8.83592939814815,-8.446065972222224,4.8
4bfc7a4a1cf8d4d2121c27422d9e50b5,24,38,8391.939999999995,7.9681021564327486,-9.874840095029237,4.184210526315789
b45d7ebfb7378630f1bcd74b6ff86ff7,5,5,1110.0099999999998,29.70025077160494,-11.661130401234567,3.8
4b39558c138930b9e5489c93b6df5fe3,4,5,1229.1,13.022585648148148,-13.327006944444445,4.6
f41ce2e25237f9092cd8e6e7516c7a2f,27,28,2362.6000000000004,8.657997685185183,-13.567627314814812,4.321428571428571
ce616e1913288884e7742faac9d981db,15,24,640.0300000000003,7.64008733164983,-11.787382680976428,4.666666666666667
86ff3eaef0267069cc891a2ed9d10a17,7,7,550.36,8.96381779100529,-16.460950727513225,4.714285714285714
973f21788dfab357250f69a8dcb7ddee,10,21,1445.65,21.206091617933726,-11.5062408625731,2.3333333333333335
4d8809767a5bafe22909c77951fb6b41,1,1,58.72,,,5.0
916c9de0b5ad957346eeeb12f332687e,23,28,5973.780000000001,8.174615483539093,-18.416941015089165,4.392857142857143
6e386f64c84e482f0b9abf960797ee1b,20,20,5874.39,10.141900462962964,-9.040927083333333,4.526315789473684
538caafddff204241cecbf3a02e6b3cf,9,9,246.49000000000004,17.311448206018518,-0.28333478009259283,2.5555555555555554
5e49e3a44bdeb5aab2684258bbd4f525,3,3,559.7700000000001,16.658904320987656,-10.030725308641976,4.666666666666667
49383af7ab774e4e8f3000f49c83dc4b,8,12,902.23,7.9841840277777765,-12.37089602623457,4.583333333333333
b026643914f651e8371425e5b8a1e780,1,1,43.0,10.41914351851852,-14.145868055555557,5.0
b76a1f8356322f12529c37b67d5c96c2,5,5,354.89,7.468219907407407,-10.358127314814816,4.8
353e21e8bf8de2722b4fae1636664b76,4,4,299.89,9.107554976851851,-16.596244212962965,2.5
2d42ebcda99fd55f6f4bc2f1ca035d50,10,11,1203.9699999999998,9.64719591750842,-13.770457702020202,4.0
ab9db4cf53b08b828b64dccaafc2d9f0,5,5,403.43,11.719855324074075,-18.85212673611111,4.2
244c2f1bff6afe1f2eaf9bfe9b2aed38,20,24,3249.629999999999,15.023734567901236,-7.4334765625,3.7916666666666665
167fd940acebc789debd6eb418c46e38,5,5,1178.48,15.500854166666667,-8.025578703703705,3.0
6bb66d9870c2e01c05655c7ed0e7ee13,3,3,321.02,8.319984567901235,-14.49943287037037,3.6666666666666665
9596c870880d900012f2e8e6e30d06d7,15,15,3102.56,13.795971450617284,-10.306344135802469,4.266666666666667
74636e24f01da9268b0ed88dacd8513e,2,2,483.54999999999995,18.202355324074073,0.7455439814814815,3.0
c2d70ce2c5d0a2eb75e78668236e6dc8,12,14,1989.79,8.453522652116401,-12.804441964285715,4.642857142857143
1d503743d2526f03f0c2c89540ee008c,12,17,720.53,8.949377723311548,-8.820684912854029,4.235294117647059
483ca627d131e18f988349b1655c0acd,1,1,283.73,15.342986111111111,-4.96425925925926,5.0
8b2d4ab22f42c5cfc338b846decfda60,6,9,643.32,12.676804269547326,-12.655670010288066,4.777777777777778
c8660dcf9ba70575f45d80fe28c27713,4,7,438.98999999999995,11.137800925925927,-11.332929894179895,4.714285714285714
13074f016982ff2bd6c58ced8682f000,8,9,1340.7799999999997,13.925670010288066,-5.808118569958848,4.0
8a9260f2b0340411d6d2a56bcf4f7378,8,9,1396.94,9.192312242798353,-9.401024948559671,4.777777777777778
c87abc38c8ed3240861729e1aeadf221,1,1,148.68,10.748113425925926,-30.143935185185185,1.0
eec3469d83e142f9a104886655338c37,4,4,240.44,9.977416087962963,-17.211576967592592,4.5
ad8b531ae67582f096925cff5630d0d1,3,3,275.91,20.48488425925926,-10.6565625,3.0
c5f7feb04a6a1fb3596322bfc3cf1917,11,11,2058.4599999999996,10.024396043771047,-7.964041456228955,4.2727272727272725
07017df32dc5f2f1d2801e579548d620,8,9,1128.24,10.179305555555555,-24.73357896090535,4.111111111111111
427165bf50f8ca07efc7bdc2bfcf1688,5,5,1692.9,38.565872685185184,18.573574074074077,3.2
e504a4e2efaa45cbff7e268a2c58c956,11,12,1464.06,12.567527356902355,-6.527109638047139,3.6666666666666665
7f35f9daf223da737b78738fbae4d977,5,5,353.01,7.866502314814815,-19.148115740740742,4.0
c13fb473e7cb8b83ccd543c094df0608,2,2,83.52,12.762152777777779,-20.04763310185185,3.5
f1c1ac3f3efc07e659c035008e615e66,4,14,2864.7800000000007,12.64804526748971,-12.381575360082307,3.5714285714285716
a2e85714b56b1cb6bb24a9a6e6cad36f,2,3,380.44000000000005,,,1.0
b5dd7151a92ccaaa282cbe9681a05f44,1,1,103.7,13.437083333333334,-5.139826388888889,5.0
68ca56ce86830f3d31b1b7ec6a54da3e,6,6,862.9599999999999,4.8914282407407415,-16.023599537037036,3.8333333333333335
59bbc819b99a733f02f0d6b49d1c253d,2,2,162.75,5.458657407407408,-11.633489583333333,5.0
c113b8df1fc375bc3d73d29c1b1144d1,3,5,400.87,6.676039351851853,-20.86505787037037,4.2
6da1992f915d77be95d7fa48b36904af,7,9,383.6600000000001,8.837852366255143,-23.431024948559674,3.6666666666666665
b8630e1121437d41cb08e3c749c2c2e2,6,6,1547.0599999999997,9.394782021604938,-6.8850694444444445,5.0
89dda63a3c907c468ec88c310ed91213,1,1,65.39,25.440254629629628,-5.155752314814815,5.0
fc908879b9ca1bd65419e54e50432d38,4,4,171.88,8.675014467592591,-10.445885416666666,5.0
4736e9d642ef4257cd7622516931eb51,15,19,1289.82,4.714931164717349,-12.574602826510722,4.105263157894737
269c5fc9fcadee614364c3620c30a1f9,3,6,254.71999999999997,4.606662808641976,-1.9217476851851851,5.0
e8dba4d70f7f2b20e775d09cae01142d,9,9,1032.3899999999999,8.808996913580247,-9.881684670781894,4.333333333333333
fe1b067411b8c5066e962aa146ccee03,8,8,990.8799999999999,8.784372106481483,-8.812055844907407,4.625
f08a5b9dd6767129688d001acafc21e5,4,6,2684.0600000000004,18.32107445987654,-5.509722222222224,4.666666666666667
ba8e85df286308fe68a2ce83a8f8b2d6,1,1,97.66000000000001,9.845416666666669,-20.22293981481481,5.0
0692610d8abe24f287e9fae90ea0bbee,4,4,205.71999999999997,6.603399884259259,-5.438012152777778,4.0
8cc6a0e5738e61a87b03c78b2ba9db4b,10,11,984.1400000000001,24.51744212962963,-5.502610596707822,4.0
042573af89b6d931f672efaf789d8358,3,3,478.57,20.024783950617284,-0.38885030864197506,3.6666666666666665
b9c0ffa92f3ff9a5a3d45ef7213c0842,3,3,572.17,21.183537808641976,-10.798113425925926,5.0
7c51de0ab286204ce75ff42bf7c10d92,4,4,908.6400000000001,9.790217013888888,-15.399039351851851,4.5
2f73e04d12cdf0c945ded66bb3fcf6c7,3,3,1460.85,13.595486111111109,-17.310015432098766,3.3333333333333335
8a207b6080964f3c1fc9d35bd6096ba4,1,1,102.38000000000001,26.06445601851852,6.529918981481481,5.0
3492e68f37fd1df87f4f2f2ea247f445,8,9,957.26,10.192983539094648,-7.265838477366255,3.5555555555555554
9c351405b754cc5ce3e2ecf277bb034a,1,1,59.11,,,1.0
9fe7c6641c79970ab48185498f547c09,1,1,164.71,17.920046296296295,-16.206145833333334,5.0
c7c7b2682c648339a0e9846bb1023a39,2,3,199.68,8.459675925925925,-9.965073302469136,4.666666666666667
ebd1417732defaf66c50b5a800eb293e,1,1,325.33,6.121712962962963,-21.475034722222222,5.0
88af55b4a7ca402b27df16f7c7c9b5d2,1,1,141.52,,,1.0
dff87e4de60c9736ce8df835951b09bc,2,2,1043.43,,,2.5
c611f4ce9ce875bcc063fa97fd4d7d12,1,1,332.25,4.072800925925926,1.6859375,4.0
1710c3aaa9c6b44ec3883ee0fe300e21,1,1,305.28999999999996,4.8903125,-9.385636574074072,5.0
6235903333ba7de1928c869e268e5964,1,1,135.48000000000002,4.974247685185185,-16.262013888888887,5.0
78ba5933c21686d1c2f64669c8c459e7,2,2,212.57000000000002,6.5282175925925925,-13.456145833333336,4.0
7ab0dd5487bab2dc835337b244f689fb,1,1,23.46,5.745706018518519,-16.505335648148147,5.0
d93b8458c6fe139d85cfa5eadbf55bd2,1,1,34.0,5.977627314814815,-18.20638888888889,5.0
83353a83fd769dfafa4f21a72b15e3e5,5,5,674.33,18.56,-8.099787037037038,3.8
bb5d956dece964a06c12bceb66b923ae,1,1,226.9,16.472048611111113,-6.014895833333333,5.0
186cdd1b2df32caa72cfb410bba768d3,5,5,584.6800000000001,8.503349537037037,-26.90097453703704,5.0
dda37071807e404c5bb2a1590c66326f,1,1,219.27,16.582835648148148,-3.057905092592593,5.0
1fe61aa5494bd3ae92a2c13e067c810f,1,2,638.5799999999999,7.990543981481482,-16.50079861111111,4.0
a45765f8afb1e594b22bf9e974b46765,1,1,88.91999999999999,4.976712962962963,-13.420763888888889,4.0
20d53aad4fe5ee93a64f8839609d3586,2,2,86.44,39.27744212962963,17.70753472222222,2.5
3ded4e2d5f135cb103e5949d7263d2dd,1,1,62.379999999999995,5.149016203703703,-16.199895833333333,5.0
c1552b1dab6e6f760950368ae61fb600,2,2,68.69,5.066215277777777,-0.4040046296296296,2.5
f410c8873029fcc3809b9df6d0b28914,2,2,327.1,7.698258101851852,-6.7201967592592595,5.0
87d73636a3acf123e842bb890a4db036,1,1,313.60999999999996,13.000717592592592,-2.361805555555556,5.0
9fbd5666d8618fa571c4230fafa09bd6,1,1,96.71000000000001,13.122824074074074,-5.096400462962963,5.0
615c3462099ffa940d37b17dfda19594,2,2,261.05,7.6487442129629635,-15.117349537037036,5.0
376d67b61dce0c990155286e7ae486a4,1,1,111.91,14.346273148148148,-4.007916666666667,4.0
d58d521f3789def2e7a22715e0badd93,2,2,84.2,4.854195601851852,-8.175468749999999,3.5
674207551483fec113276b67b0d871ff,1,1,133.84,1.869537037037037,-10.43835648148148,5.0
398cb257329ef7af7f1943a8974a3cbc,1,1,161.37,7.091377314814815,-17.503993055555554,5.0
ebe3dabc4955c9b0d695e7bda38bf5c3,1,1,66.89,23.45189814814815,4.092789351851851,3.0
aa2640d851ec322526f1295bbeb20092,1,2,182.33999999999997,3.9644328703703695,-4.150949074074074,3.0
4bc3d93e4a5f88a598d3d8ce4ae510b3,1,1,188.28,,,1.0
9315e491484b1b0081ca166fc164108d,1,1,60.4,7.280138888888889,-23.10800925925926,3.0
8e29d051f810eb22959ede205b462b9f,1,1,367.08,3.2710069444444443,-18.160671296296297,5.0
cb4a705d00e100b9732d0ca34817d441,1,2,1080.56,24.12673611111111,-1.9516782407407407,1.0
6025c79c035c3d772133b8b8238463b2,2,4,1098.33,8.10793113425926,-8.050164930555557,5.0
00ab3eff1b5192e5f1a63bcecfee11c8,1,1,110.08,9.052488425925926,-9.461099537037038,5.0
d7f1cfc638473be93baedbfd02208016,1,1,47.14,12.67605324074074,-9.282199074074072,5.0
edb65fe661681b1c0de8bd47c8655855,1,1,84.24,14.114236111111111,-6.3596875,3.0
cad10cc982ab6a391570c211b995c17c,1,1,60.19,4.297789351851852,-13.199884259259258,5.0
101921376b577a4540dc30e9009133ca,1,1,394.49,,,2.0
749e7cdabbaf72f16677859e27874ba5,1,1,61.739999999999995,11.03644675925926,-6.24068287037037,1.0
e2a1ac9bf33e5549a2a4f834e70df2f8,0,0,,,,
ae7ab174effdead6c241e547e4ca13f0,0,0,,,,
6c6cc59a5c00cacc5054ca06d65cc282,0,0,,,,
6bd69102ab48df500790a8cecfc285c2,0,0,,,,
48436dade18ac8b2bce089ec2a041202,138,151,15183.639999999998,14.145738063744012,-9.391865000629881,4.046357615894039
c864036feaab8c1659f65ea4faebe1da,57,57,11990.039999999999,12.233202363547758,-12.606686159844054,4.56140350877193
ffc470761de7d0232558ba5e786e57b7,28,31,2087.1299999999997,10.081843364197532,-11.001344135802471,4.3
8f78f0903005064036736c7173a5c2ed,12,20,2366.2200000000003,18.182043402777776,-13.98820717592593,3.4
1835b56ce799e6a4dc4eddc053f04066,421,555,40428.15000000008,12.780750160516359,-10.109834773756427,3.5828779599271403
516e7738bd8f735ac19a010ee5450d8d,75,83,7901.2,8.666985453818015,-17.6988428783722,4.554216867469879
e5a3438891c0bfdb9394643f95273d8e,224,255,11112.61999999998,15.375952401034642,-6.014036071749889,3.8214285714285716
8c16d1f32a54d92897cc437244442e1b,108,118,7754.669999999997,10.976750333490273,-14.202427514908976,4.327586206896552
d98eec89afa3380e14463da2aabaea72,168,183,10225.310000000014,8.53579032584497,-17.990355570734668,4.291208791208791
d91fb3b7d041e83b64a00a3edfb37e4f,534,535,49378.02999999996,11.284726330576754,-12.00135144985156,4.092278719397363
001cca7ae9ae17fb1caed9dfb1094831,193,231,32417.900000000034,12.862987640724432,-12.562794144640236,3.912280701754386
2528513dd95219a6013d4d05176e391a,156,162,33819.97000000001,10.494475356567747,-11.430012221072005,3.981132075471698
4c03b9dd4c11ee2cb35c96c49efc9420,48,48,7302.330000000002,10.534739824459876,-13.477435136959881,4.1063829787234045
4c2b230173bb36f9b240f2b8ac11786e,260,345,18875.81,12.773923746480396,-7.942044685401783,3.7536656891495603
7901646fdd36a55f564ffaf2dbccaaf7,14,18,5621.139999999999,11.431224922839506,-7.252303883744856,4.222222222222222
56642bcb79900e777d68e91915cb4267,48,56,4471.79,14.24325789517195,-10.291621197089949,3.767857142857143
6edacfd9f9074789dad6d62ba7950b9c,208,219,16087.600000000015,9.054125085733888,-10.983387345679011,4.3577981651376145
70a12e78e608ac31179aea7f8422044b,314,327,36328.00999999998,14.700483810674015,-9.754598106452733,3.7784615384615385
9e6229250fedbe05838fef417b74e7fb,74,78,14986.650000000007,11.886663660413664,-14.8430306036556,3.8974358974358974
f8201cab383e484733266d1906e2fdfa,10,10,1144.83,13.045797453703704,-10.938827546296299,4.1
65b081a070633e057c462abdd6fb9dd8,19,20,2326.67,11.784479166666667,-16.962193865740737,4.35
c03121937e54a93fcc1825c3098bbb6e,7,7,1197.94,11.159100529100531,-15.823738425925924,5.0
76d5af76d0271110f9af36c92573f765,114,139,22287.319999999996,11.1570521336554,-11.409195014761146,4.028985507246377
897060da8b9a21f655304d50fd935913,315,425,28195.639999999978,14.90612637300288,-8.856680935684462,3.4133016627078385
bd4889b5e9133b35b66e42a8665cea5c,34,40,5266.06,9.693125000000002,-13.909851562499998,4.435897435897436
01fdefa7697d26ad920e9e0346d4bd1b,128,130,17156.619999999988,10.77893671045076,-13.06174777490669,4.372093023255814
e9d99831abad74458942f21e16f33f92,130,149,6916.060000000005,12.633741688416606,-9.037915734526473,3.9054054054054053
817245bcc3badd82bbd222e0366951a6,29,45,6303.079999999998,11.013731849747474,-12.855071548821547,4.073170731707317
6481e96574816ead57975da2c0f6d80d,31,41,4003.619999999998,7.463134880307136,-10.095461551490516,4.2926829268292686
59fb871bf6f4522a87ba567b42dafecf,126,128,23754.760000000006,12.07512888888889,-14.032166388888893,4.21259842519685
157c3e4b42f81ac4a44e8b1ca2fe9876,21,29,2355.8399999999997,10.237296056832694,-12.139738186462326,3.9655172413793105
f12ff17ad8bbf01ec5c33b17e506649b,27,27,5288.759999999999,14.393201566951566,-9.411603009259258,3.7777777777777777
83e197e95a1bbabc8c75e883ed016c47,47,55,7680.059999999997,10.488401277434843,-13.21432827503429,4.745454545454545
25cf099de44674fde97473224f9d59ab,50,50,2359.55,9.392387962962962,-12.233253009259261,4.326530612244898
503c1de08ae81a2d86f17951b204db55,22,22,5321.900000000001,13.488269675925926,-11.22176452020202,4.409090909090909
d3674f271c91f824f82d24d92011f669,20,20,2101.82,13.77093576388889,-10.739037037037034,4.1
d624126b9206f595fb3fbb6ba03b28a8,19,24,4317.39,8.528733603395063,-16.607267554012342,4.3478260869565215
725c32fa80c2faacc4fc88450d27314e,88,92,9018.540000000003,9.50179649758454,-11.507644172705318,4.533333333333333
951e8cef368f09bb3f3d03c00ca4702c,61,68,4933.040000000004,9.184943883277215,-9.745979236812573,4.107692307692307
e067ad2c1c0b48758eb1b5228bcf7a68,54,61,6047.910000000002,14.490808477534909,-9.879041628718884,4.131147540983607
99002261c568a84cce14d43fcffb43ea,36,36,5188.330000000001,16.837109375,-11.504828639403293,3.7222222222222223
066a6914e1ebf3ea95a216c73a986b91,66,72,10505.659999999998,13.48350347222222,-16.71491683201058,4.014084507042254
76c47a299e4a8fe992316a85865acbe9,6,10,1246.3400000000001,15.343268518518517,-6.408039351851852,4.8
5b97c06a046398e7005b2b7c0d707a92,3,3,1299.45,26.36189236111111,1.3678472222222222,2.6666666666666665
cb8bcce248bb1fb274ba762d8b971456,68,69,10635.019999999999,12.57245802238806,-11.305331156716417,4.260869565217392
d94ba08b99bedd6a5f6c875ecc4a6fac,9,10,778.2699999999999,11.722884516460903,-12.154827674897119,4.8
dc4a0fc896dc34b0d5bfec8438291c80,229,247,28032.820000000007,13.819820891203715,-10.800310812114194,3.769230769230769
ec21206b7894c503788a684a7bc822a6,3,3,296.40999999999997,8.111898148148148,-19.03516203703704,2.6666666666666665
39d54ff918774174706fb065d7f9dc07,23,25,1956.9900000000002,15.159373070987657,-11.609332561728396,3.8
1dd33b8119b3cb1056ed5dc88cd0aaf4,8,8,1641.74,10.906626157407409,-15.002196180555554,3.75
82bd0703a4aefd6b599e5bfdaed378fb,21,24,3084.8399999999992,12.244954710144928,-20.522049114331722,3.7083333333333335
ede0c03645598cdfc63ca8237acbe73d,46,50,3269.8699999999985,18.401936071710004,-3.484454540977149,3.617021276595745
e63e8bfa530fb16910dd6956e592bb81,42,43,1979.17,9.344903273809523,-13.001018794091708,4.255813953488372
3f3486b61f45078d4f31ee5e43d8c5bb,39,39,4286.4,14.08578520955166,-9.9024448708577,4.3076923076923075
0a85ebe4e328db81ac9109781205e2f7,12,12,805.65,5.248940007716048,-7.655358796296298,4.583333333333333
f3b80352b986ab4d1057a4b724be19d0,82,87,8963.46,10.462279826521923,-12.226476426138777,4.137931034482759
c847e075301870dd144a116762eaff9a,33,34,5311.240000000002,17.34507084736251,-9.90822215207632,4.0588235294117645
f805b96fa705ba7995a221f1749dc141,6,6,2129.9199999999996,12.403134645061728,-12.533929398148148,4.333333333333333
916748bc99315c2d202898ae58b1617e,25,32,746.51,10.402569444444444,-9.077179181134257,4.34375
7ade73f1b9b4e965f9009a4c3a7e2c15,27,28,2338.1700000000005,9.679988425925924,-12.83602580589849,4.777777777777778
4978a02ea9c8be7a9b5480680f40334e,18,19,2696.84,5.341156189083821,-9.202721125730994,3.5789473684210527
f27e33c6d29b5138fa9967bcd445b6d5,93,98,10482.250000000004,12.444732024754346,-9.982946074263037,4.091836734693878
5cbbd5a299cab112b7bf23862255e43e,36,38,3385.21,10.788462780214427,-12.673448464912283,4.315789473684211
3481aa57cd91f9f9d3fa1fa12d9a3bf7,24,24,2369.5299999999997,10.319864969135802,-16.413903356481484,3.8333333333333335
c3fe93ba3085f92855c97e57f38c8c05,7,7,358.96999999999997,13.222635030864202,-10.435185185185185,5.0
cc1f04647be106ba74e62b21f358af25,1,1,20.189999999999998,13.295810185185186,-5.170381944444444,1.0
3bb32fedaa74e4ad20f4ce067733bd31,2,3,162.56,6.051469907407408,-9.84900077160494,4.666666666666667
ea6b12bf9ffe2bac34602ec631d97a47,10,10,1343.18,16.56396476337449,-17.035965792181074,4.0
67883baaae6134ee81b271a542613728,17,17,4588.899999999999,4.889941448801743,-5.008598175381263,4.235294117647059
b566ab0ef88016e00422755e305103c6,4,4,1275.31,14.349814814814813,-4.963469328703703,3.25
334cab711dee080b079fa5779b584783,11,26,1421.3700000000006,6.98430956196581,-13.691357282763537,4.961538461538462
1430239a858e7682bbc43b20758af153,18,23,929.54,7.2699368686868695,-10.061346275252527,3.9565217391304346
aae5e7b457a3c72ee230a47d98fceda5,5,7,745.5699999999999,12.341810515873016,-18.393930224867724,4.142857142857143
3a52d63a8f9daf5a28f3626d7eb9bd28,1,1,52.78,6.339652777777777,-40.29734953703704,1.0
da03c298e3999e9d828591fc2179d109,4,5,842.4800000000001,9.086875000000001,-7.015178240740741,4.8
09f952a5f58d2285b0372551ae8f9b01,47,53,11773.460000000005,13.092328135918933,-11.21419396401118,3.9056603773584904
6b3bd31ad8fcda4b2635ec9f3ff2ecdf,36,43,4955.920000000001,12.867135141093476,-9.202614087301582,3.86046511627907
20b54c376b794ed028df09a3cd88e8dc,11,11,1506.55,21.161888227513227,-2.2699437830687827,3.0
d1ef48b38baca7e831711c4a0aeb398f,28,34,1906.3699999999994,9.42780794051627,-14.565239197530866,4.470588235294118
6ddc28b61be28373b4503a1f61cf98a9,11,11,1900.09,6.850078914141414,-7.216917087542087,4.181818181818182
f1ce5fdecd64935c28b9ff932751d0dc,2,2,180.53,10.23626736111111,-7.448634259259258,4.5
c89cf7c468a48af70aada384e722f9e2,14,14,971.01,14.18919146825397,-9.4794957010582,4.0
d79e8478eed9999493990b44955fb22e,5,5,802.6099999999999,8.199113425925926,-9.224409722222223,4.0
4deebb3199eeafb282ae33229144f94b,4,5,921.49,11.752780092592596,-0.8937708333333333,3.4
94c49f20a123aeb9360dbf80ff912bf6,3,3,339.29,14.152438271604938,-12.989540895061728,3.6666666666666665
9f50216bfd01913736a55a11b55ea842,17,19,1671.1,10.640924098440543,-7.00380604288499,4.473684210526316
939e6227d6964a11a70aa91243e418f2,4,4,488.25,5.341733217592593,-6.3007204861111115,4.25
db46ca7bce82b11f7e247539271fc390,16,16,1149.86,8.149848090277777,-12.83427951388889,4.5625
4be9ae93c4fc0f41713d71a4194ee1b3,1,1,136.97,11.089050925925926,-6.1844675925925925,5.0
21e83881401b92b49fb09a16d3852291,12,13,3381.81,9.980708122895624,-12.884821127946127,4.230769230769231
93b9a99027bd8bd6af682aff18dd19bf,19,20,1999.25,11.586682504873291,-16.344440789473687,4.052631578947368
bd1d49a326abfa9b1036772e40445430,12,13,826.1999999999998,11.991891915954414,-11.268476673789175,3.8461538461538463
723cd880edaacdb998898b67c8f9da30,9,10,1731.6799999999998,7.945912037037038,-11.77478703703704,4.8
b55638ad525e906c698fa2ce742c1742,10,11,1028.9099999999999,22.703137626262624,-9.86667297979798,4.2727272727272725
ee2fbacc2fc3794e656cc4d933d59ce7,2,3,518.7,6.7134375,-11.261554783950617,4.333333333333333
f18112da765e0971ca5d510dec322bdd,2,2,410.75,17.898136574074073,-6.736521990740741,4.0
df0f42bc4c2142eacf0eaf2cffd0cfbb,14,16,1946.45,14.285758101851854,-8.865519386574073,4.0625
11d4c477d09821164bca4f70a2eae031,3,4,140.86,6.707725694444444,-11.747112268518519,5.0
d51e0a403fe2e689ece6c73359d96e12,18,25,8118.08,13.148495852623455,-14.43991030092593,4.2
5c603ffb38cbbf25a0e0698941324143,2,2,393.61,,,1.0
19484c79cef6c062cb177aa4ef2fcc3c,1,1,212.06,21.42582175925926,3.5027662037037035,1.0
7994081388d55b9cf976c050653dd359,2,6,1109.6499999999999,12.970185185185183,-19.426006944444445,1.6666666666666667
35857757f553273b1056c1cabdace7fb,6,6,573.34,18.208132716049384,-5.092432484567902,4.0
e84ad2127668df3aafc6b73531a0beb8,19,23,1273.7300000000002,9.707826590177133,-6.8336025563607095,4.391304347826087
81ed90f07c0bacb7594940ba2ef676aa,2,2,257.46,16.095561342592593,-6.06578125,4.5
7c4402417d51474d4d0cda9557340e40,1,1,147.59,7.122175925925926,-27.189189814814814,5.0
f4ce8ca9fa7157e3b33f536ac9a4487d,4,4,507.13,6.975619212962963,-6.740509259259259,4.75
1771297ac436903d1dd6b0e9279aa505,28,36,3466.4299999999985,9.42039448302469,-15.370886059670779,4.628571428571429
b5abf4f36adc043117b4fca82c22984c,10,11,1268.96,21.20098636831276,-1.2818004115226336,2.5454545454545454
25e47381a6c510ddeb36084e33b89f0c,16,17,1571.71,9.804970043572986,-12.54196350762527,4.0588235294117645
117cfc326c6d50da67ca858ff5c0c852,5,5,536.08,6.073467592592593,-8.429453703703704,4.6
ad781527c93d00d89a11eecd9dcad7c1,34,34,6767.1,22.12391410383598,-6.389412202380954,2.9705882352941178
fac1a9017ade7bdc94058fc1c969f355,9,10,2222.91,7.564819444444444,-9.322591435185187,4.7
1927cdb9fa74f5270097f6250e8e8f34,1,1,178.92000000000002,8.128900462962964,-8.212916666666667,5.0
5011f0d93373a4c5753adf58ca77af8d,12,22,1390.85,14.980320767195765,-3.3855957892416235,3.5454545454545454
bf961104a38e01b9062ee026bb657dee,4,4,665.46,9.057149884259259,-25.208191550925925,4.5
97e995629983723d11830a829bc2b246,5,5,598.8700000000001,17.008074074074074,-18.60690740740741,4.8
a353b1083c9863d756d9404695016d64,1,1,137.09,20.71329861111111,-7.30224537037037,5.0
0bb738e4d789e63e2267697c42d35a2d,30,31,3030.6400000000003,11.943653815453382,-13.37479046934866,4.580645161290323
a45314082d50d578a4721c9787ce09ab,2,2,453.92,5.23833912037037,-5.201302083333333,5.0
7a2d2949aea47fab95fd98d6c9f618b1,11,12,1850.2299999999998,10.96522087191358,-17.212736304012342,4.25
28f10b1c5e5abb9d4857745bede6147c,28,28,1185.42,7.637304894179897,-5.966380208333333,4.0
2addf05f476d0637864454e93ba673d5,9,9,2028.9200000000003,10.287665895061728,-14.422978395061726,5.0
d7485b33791774c36108f8c69602d48d,10,10,619.14,8.889136574074074,-11.547700231481482,3.7
52a50b42accf164f9f019941e5759d9b,4,4,197.02,5.381053240740741,-2.6741493055555554,4.75
28fb0829fd777877cdc350d25cb5bd5b,4,4,569.26,14.081875,-10.117546296296297,3.75
e1bed63d68ac36fe1f3061befe196af5,1,1,217.0,8.606180555555556,-25.622372685185184,5.0
f1ed6bd0a9b11b581f16c851c6a5a527,17,18,1996.5800000000002,21.104895833333337,-8.54221965020576,4.5
717b78b0950b51ed00b1471d858b0edc,5,5,219.75,21.32962037037037,-2.4309652777777786,4.0
2ba91c7ad80ff88b23b7db823b43c233,6,6,840.33,18.654373070987656,-2.5156346450617284,3.8333333333333335
1c5e4e49b9079480255b49d50aac1aa9,5,5,2732.0,7.673340277777778,-8.825407407407408,3.8
33d677f27a69b84051204ee4ae76eaca,9,10,338.49,9.246046296296296,-19.197113425925924,4.6
989becdce12ebc39863c2bceab6f3ca1,11,11,1630.6699999999998,14.058604166666669,-13.64410300925926,4.363636363636363
e5d4b2b0c3bca22085f7a19a28de0c42,4,4,269.56,12.684464699074073,-10.822922453703702,4.5
5d043cd5512d4bd2f88e5ccdd5736c38,1,1,714.91,9.573449074074071,-8.625983796296296,2.0
e546117ed9cafbc40239c0c78635c584,2,2,484.34000000000003,6.369074074074074,-9.377575231481481,4.5
7e79d65b5c6f1f544b7daea036acf720,4,4,579.8900000000001,8.56722511574074,-14.068657407407407,4.5
dd4d95ba2d15c071e6c695e2ef6ce169,4,4,1962.4099999999999,14.406846064814815,-3.310486111111111,4.25
e94b64dc6979b302a5a5be1662c83bb6,2,2,338.63,9.009612268518518,-15.325214120370372,5.0
a066df7361163e7ddc5d7452dd17448b,15,17,1344.62,15.814748774509804,-7.525074891067539,4.470588235294118
89c127985a8b130cfa45c1d36764017a,7,7,1540.2,10.99207561728395,-13.675765817901235,3.0
3fac58ce0ad699020c7944d53c41329c,10,16,1427.97,4.105978732638888,-6.28345486111111,4.5625
1a8e2d9c38b84a9702ac7922924b0573,1,1,97.0,15.598125,-14.947430555555556,5.0
d26aa40b90272d4843d63be7c1462c8d,2,2,177.42000000000002,4.590243055555556,-11.222679398148149,4.5
7df1fc11cc5cbc518b39faa60cf5d67c,5,5,1171.96,7.718787037037036,-12.873347222222222,4.2
34a557286ead8fe75c989e0afcf7d98c,4,4,473.46000000000004,8.269539930555556,-10.463295717592594,4.75
4049512728d969bec69f84088b012416,7,9,550.27,11.160608281893007,-17.120880915637866,5.0
aa17b35ce4de7b565be3249ba838944f,2,2,114.0,16.367667824074076,-8.81162037037037,4.5
ade45994b717ccee333492330fbf037b,3,3,1441.8000000000002,7.7992438271604945,-25.296813271604936,5.0
077c5fae4bea9500e3737b16f71b9d3a,4,6,177.24,7.973985339506172,-9.081753472222223,4.666666666666667
a0a14e50070f3225b3eabba5b85da517,4,4,248.64,6.053330439814815,-11.88470775462963,4.5
ea846a0e7ad98a741783e886d89dfa44,2,3,192.26,11.23332175925926,-7.169633487654321,5.0
01ed254b9ff8407dfb9d99ba1e17d923,5,5,1533.71,6.675569444444444,-16.234027777777776,5.0
954e95f20808d7e5d11f0de292d078e0,3,4,277.96,10.917008101851854,-13.69681423611111,4.75
c8143b3069f6746a77421b5ce30a450c,1,1,185.88,24.404675925925925,-6.046296296296297,5.0
e46bc031f2c5bae4ccb40bb90712e9b4,1,1,327.39,,,1.0
a0d7fbb07bb5ebc3b05980e750db56f3,2,2,416.99,13.918478009259259,-17.093478009259258,3.0
aae5953b9edddf14749c0d65d60eb4b9,2,2,202.90000000000003,12.825434027777778,-11.700075231481481,5.0
a7a9b880c49781da66651ccf4ba9ac38,3,4,373.07000000000005,9.169887152777779,-11.769675925925927,3.75
f7c31656c19db6275a8acadca289f426,1,1,77.75,13.381388888888887,-8.14175925925926,3.0
c1f12f926d0ba950578b4fa41115cbb6,2,4,556.56,25.440807291666665,4.607771990740741,4.5
778323240ce2830d68aab11794e00bfb,3,3,242.43000000000004,10.546203703703704,-6.658059413580247,4.333333333333333
9b1f656ca3060f8af17a50d8a024b533,2,2,88.68,16.34451388888889,-5.94769675925926,5.0
99cd94252748d2bdde08e17858233602,2,2,181.32,3.0130844907407406,-16.881493055555556,4.5
5de1c80811ce7007f62f00d971236c09,2,2,107.75,8.073929398148149,-13.685260416666669,5.0
8ccf3cf69651cc1d8a02c8bfaf3b8568,2,2,288.63,25.706637731481482,-2.9892418981481486,3.5
22a23e5ac7061fc538cc2a019afaaf16,1,1,109.42,11.029351851851851,-15.51226851851852,3.0
b5b800c4065bebf4d3442311c9857344,1,1,88.81,6.455601851851852,-2.023912037037037,5.0
d297f1055de2956aedfd3b04113dce3e,1,1,61.94,3.8065277777777777,-3.2767013888888887,4.0
244b04680fdbded0acf5aebd9c92b44a,1,1,606.48,49.89627314814815,19.349155092592596,1.0
f3041c2e75ec683697a6a5ea82192210,1,1,169.0,4.528425925925926,-20.60789351851852,5.0
091065b789659bc3cd9af9cb3a6253ff,1,1,734.14,19.193726851851853,-12.088576388888889,2.0
c161d1327ebc3a156c09582ab2f59f6c,3,3,76.33,3.512679398148148,-10.340341435185184,3.0
0b36063d5818f81ccb94b54adfaebbf5,1,15,783.0000000000002,14.543993055555552,-20.549884259259255,5.0
77128dec4bec4878c37ab7d6169d6f26,1,1,15.22,11.992465277777775,-6.164027777777778,5.0
94231344608e603693b0a8891143f65d,3,3,824.1800000000001,12.531454475308642,-15.138707561728395,4.0
65a7c0788e4d632ccb5e1b594b87f0bb,3,9,384.11999999999995,11.43482896090535,-12.257033179012344,4.111111111111111
5882f40daf39bc2a465e0cb453ddc222,1,1,698.9,,,2.0
bc39d8938f90a3a2b98193723ed59774,2,2,329.11,4.553125,-12.180769675925927,4.0
e59e575a175fadcadf8479e191770425,1,1,250.88,5.350474537037037,-19.15388888888889,5.0
1f2eebc0e970fd3c463e4f5d9652687a,1,1,53.47,11.451400462962964,5.122453703703704,5.0
791cfcfe22fe4a771ece27f90017da92,2,2,653.75,28.20550925925926,5.793865740740741,1.5
4fae87d32467e18eb46e4a76a0a0b9ce,1,1,120.80000000000001,6.806759259259259,-11.286365740740742,5.0
59de1d4c8c057c2a53acd4ca66531af2,1,1,156.75,18.68167824074074,-4.98755787037037,5.0
a70e9066dbfd10b6b97a3f54a1356762,1,2,984.72,16.82784722222222,-6.598263888888889,5.0
328acb143b4a73aad6bee8e734f5d20d,2,2,734.75,12.058634259259259,-16.34384837962963,4.0
889009a0ed0bb52c87819941192931b8,1,1,122.98,12.207511574074074,-23.292743055555555,4.0
9c4d31c7e46ab03a43fc06e3142afd4e,1,1,470.55,6.797881944444445,-0.4752546296296296,4.0
458d868c9642f55f18f04e951a3fdde6,0,0,,,,
ccbd753e6863fe7314dc6c0ca5a074e7,0,0,,,,
134b867a0f7f8bbe6abf10f91874891e,0,0,,,,
5f3ae9136c875522250f8184f253413a,43,46,1773.7600000000002,7.676426440329219,-11.424490483539097,4.5777777777777775
0241d4d5d36f10f80c644447315af0bd,231,238,35836.120000000024,10.840034430438845,-12.242305137332707,4.345991561181434
8e6cc767478edae941d9bd9eb778d77a,105,113,8879.410000000002,16.57159040758048,-12.744925579785388,3.891891891891892
f457c46070d02cadd8a68551231220dd,198,233,22659.19,14.46112875020216,-11.682823770823235,3.7835497835497836
624f4ece8da4aafb77699233d480f8ef,52,54,10607.32,13.140068789308172,-10.409934486373167,4.169811320754717
431af27f296bc6519d890aa5a05fdb11,117,125,15250.85,16.93725825119474,-6.8260911364994055,3.774193548387097
43f8c9950d11ecd03a0304a49e010da6,41,41,4807.219999999999,11.497686314363143,-11.508667005420051,4.560975609756097
c3867b4666c7d76867627c2f7fb22e21,244,258,41429.89,15.257101851851859,-9.201844569830248,3.84375
1da3aeb70d7989d1e6d9b0e887f97c23,265,328,13055.36000000001,8.35064439729081,-10.98148791152264,4.079754601226994
6a8b085f816a1f75f92dbac6eb545f8f,127,135,8196.960000000003,14.367179493873572,-9.424456279587858,4.118518518518519
5670f4db5b62c43d542e1b2d56b0cf7c,17,17,3566.0900000000006,7.676804193899782,-15.668210103485835,4.294117647058823
17e34d8224d27a541263c4c64b11a56b,246,259,48327.530000000006,13.929768748162841,-10.266787551440329,4.174418604651163
bf0d50a6410d487dc97d2baac0a8c0be,1,1,37.16,,,2.0
1025f0e2d44d7041d6cf58b6550e0bfa,864,1367,155401.59999999983,11.852952376815743,-10.339957732060634,3.8634686346863467
edb1ef5e36e0c8cd84eb3c9b003e486d,135,144,42341.89,11.80190268065268,-11.982679681429678,4.409722222222222
53243585a1d6dc2643021fd1853d8905,230,278,75639.69,12.811003043552812,-10.815212877229092,4.010791366906475
b4f8921fcc4ff77b66bea6dda43dcd51,9,11,4174.34,7.519964225589226,-21.033449074074074,4.545454545454546
edf96ef93ed595084bbcbd9224bd2894,25,28,4365.779999999999,13.671427331349207,-8.277511160714285,3.7857142857142856
e06f09ec0a4aca210779cf1cfc63cf19,27,29,5006.950000000001,14.4605627394636,-17.327212643678163,4.103448275862069
b2479f944e1b90cf8a5de1bbfde284d6,103,131,6992.219999999999,15.440582023399358,-7.84696499066896,3.292307692307692
25c5c91f63607446a97b143d2d535d31,146,256,50957.78999999998,13.602951709120195,-11.25395567998831,3.7490196078431373
559d56f3b8f0bc2e5a9a62fe2ce2a39f,2,2,433.72,12.295746527777778,-1.5272511574074068,2.5
d05ae8f7a5bd1d2a690a44cd079e4e27,78,81,14595.430000000011,11.235804832175926,-10.517977285879635,3.7875
6a51fc556dab5f766ced6fbc860bc613,26,33,8370.250000000004,15.202580645161293,-10.870533900836323,3.9393939393939394
527801b552d0077ffd170872eb49683b,88,90,19153.65,12.818876800411516,-10.641327803497946,4.49438202247191
72c5da29406b4234927b81855e7b64f6,30,30,11303.309999999998,10.653013117283953,-15.575101466049379,4.1
f84fa566034f5e8e880a07ec624c56af,91,102,6326.699999999998,11.47134224537037,-7.538171064814817,4.267326732673268
cac876b37d3abcd6bd76caca30277996,27,33,2958.7899999999995,12.067220468574634,-14.07696654040404,4.5625
5bc55dbe2f12b6af6d83ed46023e0dc8,17,21,3409.38,12.996622023809524,-8.94122574955908,2.3333333333333335
08ad4ac1388e4420ca531c3edfc46198,6,7,310.6699999999999,7.046665013227513,-11.3767791005291,2.7142857142857144
373ee4a3a775a733770ca3f790b8b9ac,12,21,1732.1900000000003,10.635024801587301,-9.090312500000001,3.9523809523809526
eddd1991bd6d9309995a480c39b95137,3,3,998.41,14.754149305555558,-7.062297453703704,2.6666666666666665
643214e62b870443ccbe55ab29a4dccf,66,68,4199.779999999999,9.536554257856348,-10.008044858305277,4.426470588235294
0f0c984a4a955310903b6b6008660bad,4,4,481.38,14.240300925925926,-9.277511574074074,3.75
4170f6a9367e6b5d6401d03ce6d54569,4,5,661.81,22.090104166666666,-1.557444444444446,4.2
3dbbce181edfaa4a597ec858c382d2ec,17,20,1288.57,14.200075231481478,-9.73688136574074,4.35
485452467ff670447e84a8370c3fc898,2,2,194.51999999999998,12.650422453703705,-14.058593750000002,4.5
004c9cd9d87a3c30c522c48c4fc07416,154,166,22057.719999999998,14.268050544828368,-11.42197041553749,4.122699386503068
02dcd3e8e25bee036e32512bcf175493,14,17,1804.07,17.230233796296297,-5.264409722222222,3.588235294117647
a06c8ff043abea0528ee44171e2140a2,8,8,606.93,3.879386574074074,-10.180092592592594,4.75
5f2684dab12e59f83bef73ae57724e45,68,74,10123.060000000003,10.28396166286149,-10.349592846270925,3.77027027027027
972d0f9cf61b499a4812cf0bfa3ad3c4,83,88,10240.590000000002,18.16777279823428,-9.042771990740741,2.9642857142857144
440dd6ab244315c632130ecfb63827b1,94,95,15793.210000000003,16.66873590982287,-10.678699174718195,3.851063829787234
8a130737016f838139d31878787a39c9,56,62,5064.3200000000015,10.23534535543608,-10.000790210573477,4.354838709677419
138dbe45fc62f1e244378131a6801526,49,58,1814.8000000000002,6.209949113984675,-9.269741379310343,3.9827586206896552
b2c97074649f92197d9387d9033dda5f,10,11,964.0799999999999,12.046823442760944,-8.888367003367003,4.636363636363637
34f563c82a85b99ae9e6d60db5fc2e28,6,6,1256.5700000000002,11.119324845679012,-11.849328703703705,4.666666666666667
9bade61a92bed55a25d2b67b9f4ed739,2,3,174.8,10.112179783950618,-17.262615740740742,2.3333333333333335
08d2d642cf72b622b14dde1d2f5eb2f5,17,21,1235.2599999999993,14.932358796296295,-10.765872685185185,4.45
7f40d06aa0b5f1aa4f41af8c0480e2ef,6,6,1435.6200000000001,4.1302449845679,-9.496554783950618,4.833333333333333
1d4587203296c8f4ad134dc286fa6db0,42,43,3027.54,9.532752371273714,-10.584056571815719,4.3023255813953485
8c9348f33ae3dada25c99c99ade2af78,2,2,364.93,10.17058449074074,-19.165219907407405,5.0
cb9fb4ca75d7ba8437480e8dde64fe98,10,10,705.5600000000001,9.250421296296295,-10.993136574074075,4.0
5795aebfe331fbcd02a2c4b679fb7952,6,6,1436.0900000000001,12.203221450617285,-15.098566743827158,3.8333333333333335
6eeed17989b0ae47c9f11ece6f38ea90,2,2,302.5,5.02550925925926,-5.631643518518518,5.0
0daf5180aa44356f60f8effa533b55a2,2,2,183.63,8.025891203703704,-4.919953703703704,5.0
45d33f715e24d15a6ccf5c17b3a23e3c,59,61,5742.16,11.526838681353766,-11.296594029374205,4.049180327868853
5058e8c1e82653974541e83690655b4a,57,70,10691.130000000005,25.417664720880303,-14.945407273215244,3.0
19e0f40a907ec568c34bfac15de4f4a1,4,4,219.62,5.835399305555557,-12.439722222222223,5.0
57fe6232e67823593374a2281d7a8af8,8,8,284.03999999999996,9.581882233796296,-9.882194733796297,4.75
d9a84e1403de8da0c3aa531d6d108ba6,54,59,2157.34,7.471924489144317,-9.237661637931033,4.559322033898305
88cf19ec1fc2c58f161aee259d57142c,14,14,1607.6799999999998,6.444143518518517,-12.584605654761905,4.5
e96498ed8daaa3e9c23f7a62da76591c,32,32,8319.15,15.505163845486113,-9.390933521412038,3.90625
7e26c750b4cb9f6766f58265ff9ebe95,23,27,1733.1799999999996,9.451914437585733,-13.400247342249658,4.407407407407407
403aa86912527d730337ffcb0fb096ab,8,8,2297.51,9.38105613425926,-9.566082175925924,4.0
e819bcfade7b5d88a27325eb6cfd62c5,5,11,338.24999999999994,8.968803661616162,-6.434808501683502,3.5454545454545454
c458e2045a8aa8964f8879af03fdcce6,4,9,691.7,15.36813014403292,-20.101291152263375,3.111111111111111
048c2757535328e0d7dac690ad3c0aae,50,50,10261.669999999998,18.745944822373392,-8.942771164021167,4.163265306122449
891071be6ba827b591264c90c2ae8a63,92,98,5454.350000000005,13.207583976337451,-10.861048739711931,3.704081632653061
c500367424994318b9e779ff1ae9a330,7,7,1369.9399999999998,12.459642857142857,-14.638045634920633,4.0
5def4c3732941a971cba8fdee992ede1,5,6,201.03999999999996,4.150827546296297,-5.163497299382716,4.5
062c325cd6a2b87845fab56b4ec2eeae,2,2,157.08,5.495763888888889,-8.809195601851851,5.0
da2782c804606d2a5d8e1760dbb3e7ec,1,1,103.37,32.77846064814815,13.811111111111112,1.0
0249d282d911d23cb8b869ab49c99f53,11,11,531.88,10.2589656986532,-7.532287457912459,4.2727272727272725
b1fecf4da1fa2689bccffa0121953643,19,20,4066.72,10.68898553240741,-20.635035879629633,4.95
75fdd0a732287f9497b179f6bd445d32,1,1,76.08,10.883761574074072,-17.102847222222223,5.0
4e5725ba188db8252977a4f0227bd462,22,25,2313.2000000000003,20.764789737654315,-2.011960358796297,3.44
e70053bf73d1b5863932e53a9fa47496,3,3,846.94,18.3894637345679,-6.137750771604939,4.0
edd066cd02126d7800f9b66e980e9931,6,6,1173.93,11.897121913580248,-12.533180941358026,5.0
3968920b9aa752ab98f7d5888c9252f2,8,10,681.0100000000001,8.558229166666667,-12.793585648148149,4.1
8e2b3afb420011ef0c88c9d5f11ea526,11,11,1532.43,10.559795875420876,-10.06259995791246,4.2727272727272725
f783a638e9c6af4a7d0dbfde811e7a81,5,5,1002.9000000000001,17.646319444444444,-3.528270833333333,4.0
fe49ee029e61e789a1f3a5525f57ba8d,17,17,2752.4399999999996,10.416166811342594,-11.247547743055554,4.0588235294117645
95b293867b5862941c9cd74f756a3c68,9,9,746.2199999999998,21.46414480452675,3.4692116769547328,3.5555555555555554
d71d863e5ef30d94e440c11be17dcd8f,22,29,5572.459999999999,18.006560487117554,-8.177894524959742,3.6296296296296298
dc120d932ddf9d4dfb6fd68beefda622,1,1,144.44,14.64236111111111,-5.982326388888889,1.0
83a75eea11694e36e56dd0cb2240229a,3,3,529.47,4.093989197530864,-13.87815200617284,5.0
1b61fb1f0f2185d89e9a126c498e9cc7,1,1,65.81,11.358564814814814,-13.338900462962965,5.0
74c7dec0a384d8a05950e629bd23bde9,5,5,248.88,11.539169560185185,-8.390159143518519,3.6
3ca08eeb8d5595949fed424bd3677742,12,12,1689.8999999999996,10.4341109006734,-14.21005787037037,4.333333333333333
079d295dcbf06ee8bb1b65ba964eb2b6,5,10,540.0899999999999,6.923537037037036,-9.841753472222223,4.8
5a6a02f419701fc8c605af71d4fc57a4,10,11,714.4100000000001,5.259986321548822,-8.702622053872053,4.818181818181818
e5475dcab1e07b63d7f6e902d8f5eda8,18,18,1427.1599999999999,9.646359953703707,-9.794335133744857,4.055555555555555
6d2f2e3b539480db1e0842b3a4e32e6e,3,6,474.26,5.595298996913581,-8.268180941358024,4.333333333333333
8629c241b3622ac12cd4118afdc8d394,13,13,1502.0199999999998,15.116361289173788,-13.276194800569803,4.076923076923077
217f005bb37ff3aeef5b2ae1788e75ba,3,3,120.22,14.454687499999999,-8.935538194444444,3.3333333333333335
9cad4b68bb993ee401a3c5aaa2bc26dd,5,7,763.3299999999999,16.36822255291005,-8.853816137566138,3.4285714285714284
54c04bdb5ec46762f8f08c7e8f86ed4a,18,19,3757.78,15.414487085769977,-9.916364522417155,4.315789473684211
406740ee611378a662d274c7d8c43c4a,8,10,1972.08,16.015712962962965,-5.770439814814814,4.1
a8739afb32aaa45e01815ca76f76f54b,13,15,563.56,9.544133487654323,-9.341207561728396,3.466666666666667
3c3017960b2dbd72711a61f0400aab8f,10,10,1222.89,12.5230066872428,-20.864327417695474,4.0
83d7070a0b9a8b4625fa8682b819fabb,2,2,822.4,,,1.0
df47da4ae86fa4db890d05aaf24e21d8,5,5,387.68,7.044877314814815,-17.42118287037037,4.2
6179a28a13a726c29b3bf54c070dccab,2,2,686.24,25.23008101851852,-9.053784722222222,3.0
d8dd176509baa37f359644d082bf7f7b,2,2,229.9,30.358559027777776,10.871394675925925,1.5
b5d034ac251546e25afe9067f05c1539,1,1,85.27000000000001,12.577013888888889,-18.192465277777774,5.0
f5403d3f50089112c4eed37928b7f622,2,2,223.2,,,1.0
4ef4c39cf3c24f326434cf0b2e48046a,8,9,1017.1699999999998,13.790258969907407,-4.536041666666667,3.5555555555555554
b274baf5bbd142410eb2958cf685d684,7,7,734.57,6.354259259259259,-22.017334656084653,4.285714285714286
42fb44130ac3134cde8e35cf8ec7df25,3,3,99.14,5.903657407407408,-13.512986111111111,3.6666666666666665
d2f3e277560ed4c6361284429b00f037,7,7,454.65999999999997,8.06350033068783,-15.248072089947089,4.714285714285714
3bfba5a77604f6dfae7e6dd7aaf65821,3,3,826.8,7.8222916666666675,-8.921265432098766,5.0
340636a908b13bbe0f4fb63fbe1d0c03,5,6,993.1500000000001,7.826103395061729,-9.192627314814814,3.0
bec568278124768c474ee90971ca94d1,2,2,249.06,3.4400520833333332,-12.18375,4.5
f918546be4bec7104d117789ba758b2b,20,23,1830.1499999999999,11.928280998389692,-9.572882447665057,3.8260869565217392
999f6d9a1c7c81f43be44c6b7d076210,2,2,50.83,4.6904918981481485,-23.061521990740744,4.5
9d39404483343dd55c7ae254494d8388,10,10,434.28000000000003,14.386840277777782,-10.849030092592594,3.5
7fc87cc3e89b3d1d5cabdca32f8485aa,10,10,1859.59,19.930873842592593,-7.0257048611111115,3.3
3442033154be05bac582e173ef54fd12,1,1,169.39,3.906469907407408,-2.1800925925925925,5.0
1e483cc5c76fef08d3ca05f9a8af7d01,10,11,295.07,7.953118055555555,-10.388074074074074,4.090909090909091
22c32ec35d0116ef02c281798a25bf8b,4,6,210.00999999999996,9.717814429012348,-16.994400077160495,3.5
a1544b9ea0b2390e020537d4daa89049,8,8,948.53,10.917319155092594,-19.373292824074074,3.875
89ad3263c0931c47f976d7c5778e60f6,6,6,699.74,6.547744984567902,-11.76475887345679,4.166666666666667
bdf0d02d36a1d839d0c39c4a887cdd49,5,7,215.95,7.988988095238094,-22.83661044973545,5.0
61f159ef6da2d441951d2c0efa719362,3,3,215.98,,,1.0
ffeee66ac5d5a62fe688b9d26f83f534,13,13,2051.58,18.406065705128206,-5.770985576923077,4.153846153846154
33cbda8716511e27e556dff9d8418bf2,5,6,615.57,13.241147762345678,-16.99905864197531,4.833333333333333
eaf6d55068dea77334e8477d3878d89e,3,3,84.01,6.129313271604938,-10.215841049382718,5.0
c990d6cf976a5718aaedc539f383ab88,10,11,341.99,21.001264146090534,0.8445846193415641,3.1818181818181817
782f78b632a43875dd5b53e3e49c9564,2,3,187.57,9.88162037037037,-13.412719907407409,3.6666666666666665
297d5eccd19fa9a83b2630071ff105e4,8,8,976.73,6.8820558449074065,-12.015079571759259,5.0
e628d4a53c109f09ca88098338b3a3f5,1,1,343.9,,,1.0
80cfd480be3eb6d6267139f5cb793555,1,1,126.34,14.254143518518518,-26.30539351851852,4.0
270572bb714b00531be85e16e1550f26,1,1,111.75999999999999,11.073055555555555,-15.033252314814815,5.0
8f0fbe2cd4d472157dc1cdef6edecaa9,2,2,94.75999999999999,7.662847222222224,-10.66578125,3.0
baf15155e37ef5492731459bdc05be8a,1,1,55.72,33.05329861111111,-8.47585648148148,5.0
412a4720f3e9431b4afa1476a1acddbe,21,22,2569.1600000000003,10.47475641835017,-9.106244212962963,4.2727272727272725
2063dd1b9f568df1c16741ea7d3e6adb,3,3,820.2700000000001,12.651215277777778,-25.488348765432097,5.0
4cc4fd4fdd406a85bbdc1f824b731bd7,1,2,571.22,8.304594907407408,-13.18917824074074,5.0
40ec8ab6cdafbcc4f544da38c67da39a,2,2,157.0,6.5789583333333335,-12.683148148148147,5.0
d558ebe531605a1285ab2b1bc3256dfb,3,3,782.23,9.418445216049383,-12.183966049382716,4.666666666666667
fec6912baad85d41729669edd6b4d3b8,1,1,261.97,,,1.0
1cd9e0cc1839d55516843def5600816d,5,5,926.72,7.781398148148147,-9.396141203703705,5.0
88cd3681e0a2ba85e190f7d817629c4c,1,1,199.36,7.015775462962963,-8.10275462962963,4.0
f9a02f1922d1de564392e656d82b3fda,1,1,137.39000000000001,,,4.0
e76ecc7e9a1a1e3c6df9d2a8261c423d,1,1,34.1,12.457060185185185,-10.109791666666666,5.0
876182d1918783bbe15233febfbd4926,3,3,155.0,9.279259259259257,-11.5829012345679,4.0
49f8d2ea7b718d0ce587d34207caf2b4,1,1,165.26,6.839895833333333,-0.3030787037037037,5.0
0af2ab31141893d26aca5a404a537dab,1,1,74.51,5.809513888888889,-5.24761574074074,5.0
4ce8b55b4bfa4659184e7becc1fba3f2,2,2,258.87,12.415815972222223,-11.394091435185185,3.0
cbbd5ae8f53de5f5097cd8217b529e24,2,2,422.25,20.768761574074077,-17.330127314814813,2.5
189ca3538ce9f920cacf0f982cbe223b,4,5,481.67,4.781097222222223,-9.195143518518519,3.8
ccada0ef508e698917a6eab263375905,3,3,231.96,9.912824074074074,-22.088418209876547,3.6666666666666665
f356c348fbc8df6a882823e21f5ce8b7,2,2,225.65,7.22974537037037,-23.215283564814815,2.5
51a04a8a6bdcb23deccc82b0b80742cf,1,1,199.92000000000002,35.314861111111114,7.817743055555556,1.0
fa5fdc4e4bb6bd1009ad0e4ac4096562,1,1,194.85000000000002,7.057268518518518,-57.4155787037037,5.0
c1d1ebb4745cc43cb6f05e9c8a705c9a,3,3,77.17,26.52927083333333,5.395856481481482,2.3333333333333335
c5ebe6598748b0aeaa61cfb820478b92,3,3,337.16999999999996,4.903653549382716,-18.39206790123457,4.666666666666667
f1b854361f4e15d5851b494df66f22b2,2,2,635.3599999999999,6.995497685185185,-10.30337962962963,4.5
7c4adcc13272c0e26fa23aac642adb7b,2,2,165.63,17.025104166666665,-6.000538194444445,3.0
80f2cf9abf6b5a0e5c612b5eea6646e6,6,6,779.38,10.090092592592592,-7.288143518518519,4.333333333333333
a247197e2e9c19a6a53a6888cb8b660f,1,1,458.46,,,1.0
ed49da7cadefc454d6a67de249eab240,2,2,65.83,21.38652777777778,-30.841319444444444,3.0
e9729944ba65dc3ce425e0c5a22ae7b2,4,4,978.4300000000001,10.13974247685185,-23.049215856481485,3.75
67e43d802fde8cfd3f9580124f8167d1,2,3,78.35999999999999,,,1.0
4d232b78ab7ef10393dc3807d827bc0d,4,4,1348.9,6.197829861111112,-10.758460648148148,4.25
1d0997ff06b524ce9289ffd75114ecd3,1,1,610.63,32.547847222222224,5.953321759259259,1.0
556a6409838156ea299c9d1f9e2dde43,3,3,522.36,6.669961419753086,-11.515266203703703,4.0
1e8c6a4c538f286aee9573239740a4b4,5,5,446.82,7.407259259259258,-13.413328703703703,3.8
a53f60f05f822b5c621a50ff6a5cb362,4,6,544.53,13.007635030864195,-19.405254629629628,2.6
36f98ad67cc981f50ce8aed093d5783c,2,2,158.62,6.10787037037037,-13.167019675925925,4.0
5e25c632f9db6cfb8bc100421c2737b6,1,1,278.91,6.050219907407407,-23.052233796296296,5.0
1cbcd2ee0afb3fc09963b87eb65e7e4f,1,3,130.64999999999998,4.318333333333333,-12.212650462962962,5.0
9e9b539eb2806acee3f5c28085c1db9f,3,3,1039.47,24.787878086419752,-2.1766975308641974,3.6666666666666665
20611af7866c6068fd5ae1f9dbe15c92,2,2,334.3,8.539311342592592,-12.851203703703703,4.5
d4828feed4cda2cd9d6b37899a95a71e,1,1,62.11,13.50712962962963,-22.469675925925927,2.0
16bdc8cefd0e32a6f0824d296c5ad14a,1,1,61.08,9.31684027777778,-11.33420138888889,5.0
455c5640e8c5bd1b2ee85c0158f85727,3,3,855.49,18.3085262345679,-18.12653935185185,4.666666666666667
7e959205cebc10adefcb331f934238a4,2,2,546.5500000000001,,,1.0
6650fcccd8cd2f7e55ffa524f30c4c59,1,1,162.15,5.980324074074074,-6.251354166666666,5.0
b9de031b671cd48b28fae9d828cbf2b4,1,1,198.69,9.232627314814817,-12.189074074074076,5.0
119c7f1a00ef43fad0e57604e76a747c,2,2,206.82000000000002,5.977835648148148,-6.046383101851852,4.5
f19516b9ff26bfeb091b30108db4ddbd,4,4,281.72,10.648128858024691,-17.51417438271605,3.0
97e4a63591ca439a2b8b7efd20e6e19e,5,5,428.5,6.431298611111112,-11.903319444444445,4.4
0dfbed20065e425d2eaefb101f9816c0,3,3,133.6,21.56864197530864,-1.3014891975308636,2.6666666666666665
e9b6c33b71b67737693b4cfa68341c8d,1,1,141.39000000000001,11.771851851851851,-0.3891203703703704,4.0
cb162c8eef257253782d245c08d9097c,1,1,49.120000000000005,10.642743055555556,-7.498101851851852,5.0
e5bd51692380fd8cabb19b756b95e714,3,3,153.04,33.66361689814815,6.164635416666667,2.3333333333333335
afac9f6b0c4e5f0a7ee87e922cd0f873,1,1,32.839999999999996,,,1.0
f8e2c1b59cd4225a3e4fd0d013a76b93,2,3,264.43,10.426342592592592,-15.921871141975311,5.0
dde698c6d0bd24834c586e5111c2bba7,1,1,175.09,7.692013888888889,-14.21337962962963,5.0
f90f77ef2799a27f80d90c425ca944f7,1,1,89.46000000000001,7.389560185185185,-19.24773148148148,5.0
3da38366e7bd9baf6369071f782ecdf0,1,1,86.43,53.34842592592592,6.915891203703704,1.0
7a704e63bb29c446869efde5d57524c8,1,1,109.89999999999999,7.512939814814815,-18.889918981481483,5.0
5a32c398a06c345440bf2a683b017ad3,2,2,102.97,11.96880787037037,-6.135451388888889,3.0
a3fa18b3f688ec0fca3eb8bfcbd2d5b3,1,2,84.25999999999999,14.268726851851852,-2.307106481481481,5.0
8def3db7f272735afb2ecd03aeca09a7,2,2,229.64,2.6591956018518514,-8.761493055555555,5.0
698624c6632eeba1774924dbea24c700,1,1,35.129999999999995,6.968645833333333,-10.181435185185183,5.0
f5fea3ffed6c2e889bab72705557c63a,1,1,365.73,,,1.0
f09b760d23495ac9a7e00d29b769007c,1,1,39.09,24.0575,-10.23636574074074,4.0
d9b00a97818674c7f8d8b1ef0e689679,1,1,79.08000000000001,2.203148148148148,-4.153726851851852,3.0
e5545d4d4473876ea78c5bcebca365c3,1,1,57.47,5.198229166666667,-15.311944444444444,5.0
aec99834ab5d38ead22766ada8497e87,1,1,476.51,7.261747685185185,-12.015474537037036,5.0
e174dc2de86d60fee178170a154c05e7,1,1,33.9,,,1.0
e4fc40017a6d22c46a14ac2e17f87c3e,1,1,170.29,10.291921296296296,-12.044537037037037,5.0
35281d148dcf7134bae913c57db4e6da,1,1,137.01999999999998,5.274907407407407,-21.906516203703703,5.0
3d3ccf2b2f8134b10dce9dd446f0e075,2,2,248.61,21.524513888888887,-1.3146412037037027,2.5
2a73cba571d90c694b7caca072ccf6ce,1,2,381.47999999999996,21.33302083333333,0.7170949074074074,5.0
d6b664fa0667064c6d76394e7848d790,0,0,,,,
4e480be820e37de1444325ff358c9296,0,0,,,,
b19c48688808720822399ffa9f2dbe2f,0,0,,,,
04843805947f0fc584fc1969b6e50fe7,0,0,,,,
40536e7ca18e1bce252828e5876466cc,0,0,,,,
5d9f3746e112e696f98ea22c56b3e912,0,0,,,,
f543ba3c973276f519d89d59bd46cead,0,0,,,,
3c88ed2e76a2247933a15daa7161eb1c,0,0,,,,
dd58ee93286b0821565574c570e9e1dc,0,0,,,,
6560211a19b47992c3666cc44a7e94c0,1853,2030,150896.75000000044,9.539234562099695,-11.00831055068228,3.9109895574341125
3504c0cb71d7fa48d967e0e4c94d59d9,52,52,2922.8100000000004,7.384828392094017,-9.920405760327636,4.480769230769231
2a84855fd20af891be03bc5924d2b453,161,165,18486.82000000001,8.503628843186139,-11.702822812796777,4.233128834355829
99eaacc9e6046db1c82b163c5f84869f,66,70,14274.519999999999,15.014922090934219,-8.136257082642343,3.9
dbc22125167c298ef99da25668e1011f,406,429,41789.16000000002,11.405500294209071,-13.172510935695882,4.2266355140186915
46dc3b2cc0980fb8ec44634e21d2718e,502,522,121460.03999999992,11.949625352254412,-11.508284109208024,4.176699029126214
8e6d7754bc7e0f22c96d255ebda59eba,85,130,16212.510000000004,14.082051751363768,-5.620112959374106,2.976923076923077
7d13fca15225358621be4086e1eb0964,556,569,116701.55999999969,15.645123195927255,-10.419892188117823,4.014159292035398
2e1c9f22be269ef4643f826c9e650a52,166,172,14060.610000000002,9.713585174029452,-9.744977130745196,4.153846153846154
ceaec5548eefc6e23e6607c5435102e7,193,201,55611.63999999998,12.876183094765688,-14.424468419312166,4.126903553299492
abbf6046bbdf1028606a5bc7f00c99e7,7,7,2393.14,11.785158179012344,-16.407260802469136,4.142857142857143
5bc237df65098fe211bb4818f4d26d78,2,2,183.89,12.479837962962963,-31.837274305555557,4.5
47efca563408aae19bb7206c2d969ea9,12,12,2965.32,13.789200336700338,-14.32267361111111,4.083333333333333
8ed8ea9a57c862f2c18c2fe41f601d56,19,19,4562.969999999999,8.578249878167641,-15.122169834307993,4.473684210526316
b17b679f4f5ce2e03ce6968c62648246,55,57,5160.8200000000015,19.111360294117638,-10.773658542120549,3.6140350877192984
7142540dd4c91e2237acb7e911c4eba2,318,330,43637.430000000044,14.71548802242609,-13.20137494336844,4.045731707317073
b74d1c09cb380e1d03a6f859c6f4224b,30,38,2788.159999999999,11.449455392892895,-11.00453484734735,4.2105263157894735
8d79c8a04e42d722a75097ce5cbcf2ef,27,28,3535.16,19.567494855967077,-11.239100651577505,4.464285714285714
966cb4760537b1404caedd472cc610a5,40,40,21898.380000000005,9.642239748677248,-13.486810185185186,4.0
c6bda72e4dbf5c5866b13cb1810c6d03,55,55,9989.470000000001,10.242079335016834,-11.958954545454542,4.345454545454546
213b25e6f54661939f11710a6fddb871,154,193,18643.949999999983,15.251593670389955,-10.31590498236332,3.794736842105263
f22a247b79dd22ecd91dc8e3b2a1b07c,8,8,574.8399999999999,18.033972800925927,2.4642997685185186,4.0
a6fe7de3d16f6149ffe280349a8535a0,51,52,3647.420000000001,14.846080927741463,-8.781277687000724,4.0
3078096983cf766a32a06257648502d1,56,60,7822.009999999999,11.93096064814815,-11.711433560753742,4.35
04e38a233f726ef161074ab1c9b0399a,23,28,1811.2699999999998,11.575084394290124,-5.191929976851852,3.7857142857142856
2eb70248d66e0e3ef83659f71b244378,193,203,38599.73,17.79668279649331,-9.804190492021272,2.69
cb3dd9ce66268c7a3ca7241ac70ab58c,50,52,3725.71,13.811846064814812,-12.796947453703705,4.153846153846154
c8b3445d737de6befde0c88ede534a5e,30,36,3800.79,11.377567193930041,-9.863141075102881,3.9722222222222223
430315b7bb4b6e4b3c978f9dfa9b0558,19,20,3267.2999999999997,14.568012305068228,-13.126466252436646,4.052631578947368
116ccb1a1604bc88e4d234a8c23f33de,61,73,2948.3300000000004,8.779757420091327,-10.069224219939116,4.602739726027397
392e0502231ae2f8b29994ef6398cd77,20,20,2227.5900000000006,17.708312227668845,-7.350656998910676,4.157894736842105
acadd4d36859671cb635527c6c977533,11,11,1766.1399999999996,18.75688552188552,-5.678453282828283,4.2727272727272725
7b7f91e98f8c6def45a1407923304402,11,14,620.49,13.634766865079367,-12.474468419312172,3.5
5fd924b4836098a5be0ecf81ba054ce0,7,8,1284.3400000000001,7.734107349537037,-24.398015046296294,4.0
5b0cc932433fa5184b5b94bfe6bcc256,12,17,1994.09,11.721945806100218,-8.086074346405228,3.4705882352941178
cfe94489ddd337d1e29e12f2a7205d10,20,24,2672.8199999999993,7.769785397376544,-6.183604841820988,4.125
31561f325664a8a7aba4c8d0c3a9b3db,36,38,3329.3600000000015,7.351872867933722,-8.953947673001947,4.578947368421052
b8578d2d823bd8e251f6fdd02b40902d,9,9,1499.6,9.916325874485597,-21.502186213991774,4.444444444444445
406822777a0b9eb5c50e442dd4cd3ec5,45,47,4596.34,13.607906350644123,-9.841507145732688,4.326086956521739
715bbd5ba4e6b74cb0d2f29eb45058b0,62,64,5315.88,11.971359772858795,-12.850242513020833,4.46875
0ebd97a106433a45a4aebe57c1799778,31,32,3661.6800000000007,9.262953559027777,-16.45788773148148,4.5
6d803cb79cc31c41c4c789a75933b3c7,58,66,9925.070000000002,12.888389099326599,-13.399673120089785,4.2727272727272725
f0837c8d71434931d9e38e7b79234797,20,21,1637.2200000000003,11.66723820546737,-19.131824845679013,4.571428571428571
f5f1f2c5f923f36ad79ea1d07185ddc9,12,13,2115.83,12.885341961279464,-7.928001893939393,3.076923076923077
0ed6ce5d87fd9c69eaacaeb778d67235,43,43,2829.2500000000005,15.995893132716052,-12.075429894179896,4.404761904761905
01bcc9d254a0143f0ce9791b960b2a47,11,11,1798.8700000000001,12.787733796296296,-17.622724537037037,4.4
278b6e0b20c4f61fefaa0577943d7a35,1,2,1152.62,,,1.0
d12c926d74ceff0a90a21184466ce161,78,99,5192.82,8.551404519854898,-13.640075529782367,4.111111111111111
bc503e244f187939d10c92a5c8e378ce,7,16,859.8000000000001,9.832486645299145,-10.60755787037037,3.75
9b00ed88b7fdb95d6ff76e27c1b52d16,47,51,2203.359999999999,9.049010879629629,-9.733468518518523,4.509803921568627
8d899e15a5925f097cca50faa49b15e3,4,10,795.98,7.504748842592591,-3.1216365740740732,2.5
8a2d12a90e92f012ce5226fc6592b653,18,18,1933.6199999999997,9.35801440329218,-15.177453703703707,4.588235294117647
e1dc0754bada9ee4cfe9713f22f61292,12,12,1149.78,8.281831597222224,-12.373795331790122,3.8333333333333335
0791d9fc1e30678ecf03d3e55fa108d3,5,11,1028.9899999999998,6.2513057659932665,-17.57773674242424,2.727272727272727
2b3e4a2a3ea8e01938cabda2a3e5cc79,40,40,7442.729999999999,8.990333043981481,-10.92627546296296,4.35
e5e33c0d8e7e002f398f5dc4cbbb338f,25,26,4226.38,12.274083236882717,-12.253301022376542,4.346153846153846
eba88037e1dca898cd02881f67ced679,6,6,931.57,11.49054012345679,-9.46403549382716,4.333333333333333
c35affa65afd250151285c5917fc1c8a,3,3,1496.34,10.13502700617284,-8.868769290123458,4.666666666666667
6ee85be3693ed79a8e80718743d80655,9,13,655.3199999999999,29.121037037037034,-4.65125462962963,1.9230769230769231
d379f449f2a3b271bc01c0782020f705,27,28,4390.499999999999,13.657464864417992,-14.210485284391536,3.9285714285714284
e1b12447a7563944843191754aeb5562,9,10,599.13,16.06223726851852,-6.265219907407408,4.5
e3a386fc36e22064434e1fa256f6a9fa,16,17,1047.15,10.554699754901963,-10.258803104575163,4.235294117647059
48efc9d94a9834137efd9ea76b065a38,33,34,665.9999999999999,10.829713371459695,-23.70786492374728,5.0
226b05fe067266c59c15dae208213d06,10,11,1245.5800000000002,9.617001262626262,-13.165035774410773,4.181818181818182
82cb9f452fe8334df74b22d37824b431,14,18,1155.26,9.035012217078188,-16.33424575617284,4.722222222222222
5741dc2bf5044c34d0698681c5081bed,3,3,123.74999999999999,7.190243055555555,-7.712758487654322,5.0
ff4ea69c2a729e83e63c7579e4ef8170,3,3,1992.6599999999999,7.370341435185185,-12.386267361111113,3.6666666666666665
33c51922b6e3c16b24a8f28e5833c99d,16,18,5351.809999999998,14.048169367283954,-14.156008873456788,4.5
119d1aef1b4144adba89163f6cd9f5d4,4,4,1298.2399999999998,4.477740162037037,-11.337977430555556,4.75
39c763cca83e654764b7a4a650fb9b7c,11,11,984.21,13.490741792929294,-6.157607323232323,3.8181818181818183
e256a62e0ac58c0edfba09966142d561,12,14,1809.5499999999997,8.297404927248676,-15.970782903439154,4.5
cb5df0dcb9e280b1780e9d589889f2c7,15,18,3393.7600000000007,21.009570707070708,-16.165800715488214,2.6470588235294117
68f86ba270525243e68ae74044f992b9,11,12,1071.31,10.538973063973062,-13.071824494949494,4.25
dfc475d54e1b6dbeeb7d7d9bdaa63827,19,21,2228.07,12.990609953703705,-14.720323495370371,4.380952380952381
cc3d14116804f7209f3884f6367f1152,27,30,6060.59,13.041336805555552,-16.625774691358025,4.666666666666667
5acd070dd3fe441bbb2ec1f1ede515ee,7,8,886.3699999999999,23.235490451388888,2.584728009259259,2.75
4c18691b6037662be2df78a765d98ab5,63,67,4316.509999999999,9.115787037037038,-10.754694755389721,3.8358208955223883
be9a160a9011f627c3e121d076c1ec7b,6,6,2405.52,15.326244212962962,-13.772520254629631,3.3333333333333335
054694fa03fe82cec4b7551487331d74,18,19,7694.1900000000005,30.94365375243665,-0.835617690058481,3.1052631578947367
c37b2059d4f90d4feead554e5246565e,12,16,1061.2799999999997,20.022840711805557,-3.564850260416666,3.75
2493dc3f20131696a0ecdb9948051a8d,4,4,575.0699999999999,9.174956597222222,-23.33691840277778,4.75
52956b80ae65fda598f06f6b9943e7a9,3,3,858.8499999999999,25.609182098765434,-6.671385030864198,4.0
f8d5c7085db9a4ad2b8c1ffbeb2798c8,6,6,363.41,12.526377314814814,-15.47546875,5.0
5343d0649eca2a983820bfe93fc4d17e,70,110,12057.650000000001,11.240717592592592,-12.034942235813801,3.638888888888889
b14db04aa7881970e83ffa9426897925,83,111,8123.950000000004,15.616071318342158,-9.794223544973542,3.764705882352941
b7ed9fb14c8eadb37adb9c45d67ab0fb,7,11,787.75,13.357425294612794,-14.023491161616159,2.909090909090909
276677b5d08786d5dce7c2149dcce48b,33,47,4320.64,11.097764146090537,-9.501468878600823,3.8085106382978724
257e61d3251fb5efb9daadddbc2cf7ca,6,6,2554.14,7.16266975308642,-15.89400848765432,4.5
c0e6839516f5398edc34adf5f1d53d1a,3,3,520.84,5.102037037037037,-17.440439814814816,2.6666666666666665
72c38a04bd6a1c3dbc5298425a0db86d,4,5,760.6499999999999,8.146655092592592,-21.195805555555555,3.8
f5f2ab9bdb6b30c14c61be68c5ed37da,18,18,2474.55,13.450185828189303,-14.27498649691358,4.277777777777778
5305693ffae2d3463377b1f6fe67b15a,1,1,106.55,13.373368055555556,-8.185578703703703,5.0
0afccdb8a34ee5c79f7c06faf2b4d56e,25,25,1613.78,13.473533468364195,-9.68933834876543,4.041666666666667
984c273121e743dd14767befe6cb17f5,1,1,280.91,33.85025462962963,3.694375,1.0
77e4abfd739aed9c46480f90f81c0eb4,18,18,4092.209999999999,10.008789223251028,-14.83243634259259,4.777777777777778
557f22c76691849db52d2abccf0015d0,13,14,1192.56,14.304740918803416,-15.019323361823364,3.1538461538461537
fac35d150712afb921ec59ac5f39bb11,5,6,800.64,10.682179783950616,-15.791143904320984,4.166666666666667
52b53f7061969fe471d119b6195da864,1,1,98.37,3.333136574074074,-7.114537037037037,5.0
512d298ac2a96d1931b6bd30aa21f61d,7,8,724.78,9.768723958333332,-14.561841724537036,3.875
ea1776927851da2532aa70d6a32c095a,3,3,372.32,8.655138888888889,-8.03771412037037,2.6666666666666665
9558aa23f77a9e0a0eca83540999f43b,2,2,155.57999999999998,20.871423611111112,-1.6480787037037037,3.0
55d3daac7c404d59e51c2aa2f4dc5a23,19,24,4515.14,8.771763599537037,-11.38964891975309,3.75
f593898ec748b7a8cb81fc04edafd98a,19,22,3314.1500000000005,17.617965167548498,-13.227298831569664,3.5
83f2b4881141ce3fcd4e985125d3279e,3,3,101.38,18.191948302469136,-2.496261574074074,5.0
d197aa8fbc64087f61984deef05f6227,6,7,630.6499999999999,7.261005291005291,-10.284887566137566,4.714285714285714
6879c4d287a8dd06b11f54ea8f78e4da,5,5,315.24,6.168289351851852,-8.654777777777777,4.2
48fb026ed7455a42f5d3e9390ed5088e,11,11,779.14,11.88611239711934,-14.346396604938272,2.6363636363636362
b0398568231ba5e6734af1881671a317,4,4,770.12,13.211869212962963,-12.217705439814816,4.0
1dfe5347016252a7884b694d4f10f5c4,21,27,2129.73,19.4560385505698,-6.983866631054132,3.1923076923076925
659e8466eb3ff1b0e8740d74fb7bbedd,11,14,1880.0000000000002,9.77050843253968,-19.175770502645502,4.5
1dc2de47ee26a0a5b12dc14fd6dc0dea,25,27,2287.4999999999995,14.691942301097397,-8.22205032578875,4.518518518518518
09883d9ab71c8fe8a9bfc7fc3075b07e,5,5,406.17,14.438301504629628,-4.489267939814814,3.4
d7b2377bae6ace1b11fc69a11900ac36,4,4,381.56000000000006,19.543175154320988,-1.7785223765432097,3.25
ff69aa92bb6b1bf9b8b7a51c2ed9cf8b,1,1,657.0,1.684675925925926,-7.398020833333334,4.0
5721089ba9214e80074f27d5a03fc0eb,5,7,312.57,7.536375661375662,-12.376779100529102,5.0
5b664594895aefb418afaee6d40a9a23,16,22,1235.1799999999998,10.445734953703704,-11.388699494949494,3.6363636363636362
fe1bbc5feda5c8979a8a1b3b2512d5a6,9,10,862.25,11.625980324074074,-13.280978009259258,3.8
15cd6eefe58588619aaed41dfa6621b1,15,17,1874.3200000000002,14.523583197167754,-9.698272058823527,4.294117647058823
bff9deb0ec77d437f3305a79cf25529e,5,5,242.74,6.972201388888888,-12.38885185185185,4.0
20cb7c2fde3e5bf10f0bbe7394e1c6a9,32,51,1660.2800000000007,12.15255578703704,-12.166233101851853,3.843137254901961
74871d19219c7d518d0090283e03c137,6,7,637.9100000000001,3.606625330687831,-7.107976190476189,5.0
df683dfda87bf71ac3fc63063fba369d,1,1,55.95,189.86315972222224,167.70841435185184,1.0
77714512e8d4dda9c234da8e3faf16e4,4,6,348.97999999999996,12.796510416666669,-7.928856095679012,4.0
a478c7961d6a992065b24e63b366f90b,8,9,1451.5599999999997,10.556203703703705,-16.30211676954733,4.888888888888889
58e4b302b54937e55a678c4d15111da4,3,3,328.85,7.158981481481481,-47.37630787037037,2.3333333333333335
ab91571efab27993ff2f6b36e38055c3,3,4,158.93,15.227343750000001,-2.5711545138888887,4.75
939f6e231201f26803cb5c3a3d2940b3,3,4,225.62,9.902161458333333,-47.37595196759259,4.75
61b18775be84fb700a6b2d0ba097bf66,4,5,436.01,11.869849537037037,-9.199828703703705,4.6
c6218512d16fcac0af02fe92691cf274,8,8,868.64,14.866530671296296,-11.41533564814815,4.0
72c73be2b085b9d57650dd53eb2004c9,1,1,47.32,17.34197916666667,-12.179050925925926,5.0
5206cc4bc2297c833e6061c49bf9c43f,1,1,45.96,,,1.0
8fec2e460530482132c436cfb5439925,3,5,548.61,32.480592592592586,5.760749999999999,3.8
7238f877570096ae403c51898fa64566,3,3,1249.52,8.923016975308641,-15.343456790123456,5.0
4cf490a58259286ada5ba8525ba9e84a,8,8,1409.3899999999999,24.765550595238096,-17.129765211640212,3.125
e644cbadf7eeb30d0d29f335ce7d52ec,8,10,1063.59,6.943683127572017,-9.273046553497942,3.7
8b8cfc8305aa441e4239358c9f6f2485,4,4,1840.31,13.60951388888889,-11.270225694444445,5.0
0f7eea709efdf942b5f95c7516dbacd7,3,3,240.06,8.04391975308642,-19.538587962962964,4.0
de66a66f2dd06bb9ec37aa96987466a3,7,8,468.9799999999999,14.724639756944445,-25.87344184027778,4.25
8ff38bc3969e67c36c48343a07090f66,2,8,3859.5599999999995,16.915497685185183,-10.110908564814816,2.5
3a4127e1ba7208ea37044c5092aae170,6,6,2310.95,11.77629861111111,-12.98134490740741,3.5
60da8bfa7eebe230b7d66ac4082d79b3,3,3,125.26999999999998,7.781188271604939,-7.562827932098766,4.333333333333333
666658b8da8370f30e1f89893b1de5e6,1,2,321.34,,,5.0
4dbd95a08b31ede5c82d3f861cb1ce1a,5,5,513.7,12.341614583333333,-16.037942708333333,4.0
9da1ca0bef29ee170e541927a5aeabdc,6,6,1612.03,16.803595679012343,-5.728290895061729,3.0
e3b4998c7a498169dc7bce44e6bb6277,2,2,185.38,,,1.5
56f413900b5166ab4d730e9ac0b12cb0,3,3,194.24,10.19193287037037,-7.624656635802469,4.666666666666667
2f1e7b90e01d9f086cbcb301c0c3d406,1,1,71.66,7.110335648148149,-9.92894675925926,5.0
902c99f1ac505c0d18778b61bcd636f7,4,4,258.12,4.851431327160494,-2.76576774691358,4.0
42b6488f5b8246d9141712abd4b1b693,2,2,289.8,7.897939814814816,-12.268130787037038,4.0
02b72cdeb9cfcc429f1af6f4e3f3b737,2,2,347.55,8.892858796296297,-5.242366898148148,5.0
a11a0e0ca67423425691db355cff69b0,2,2,476.97999999999996,5.527760416666666,-5.418240740740741,5.0
be3b4b0f050a6aa1b2d901c4b77e979f,3,8,733.7199999999999,7.576799768518519,-16.568122106481482,2.75
723a46b89fd5c3ed78ccdf039e33ac63,1,1,90.03999999999999,7.998761574074074,-29.038229166666667,4.0
2c54051840f19eca309a5423cf22df36,2,2,52.269999999999996,8.931585648148149,-13.842175925925925,4.5
74a9b9bddf14ece02beb81f52c41a88d,2,2,117.06,12.172760416666668,-12.131886574074073,3.5
ca5832c6960267b71041f74bb39e8b12,1,1,97.71000000000001,45.16071759259259,14.877280092592592,1.0
fa7ad8ae9bcb2c4493fdf38e96b1d74f,1,2,111.7,,,1.0
fc0b214b59a83615fea981c6424a02ae,1,1,172.04000000000002,4.384398148148148,-5.188159722222222,5.0
50a7e551a7b3f8d37cd6e32d8bfbe5ea,1,1,167.96,12.586157407407407,-3.486145833333333,5.0
92992bec39dde5766f590d3b1f46d465,1,1,121.67,,,1.0
ff82e8873fba613f2261a9acc896fd84,4,4,183.52999999999997,9.54111400462963,-14.453819444444445,3.5
7178e1eaa97257d8b6d4b80efd77a025,1,1,184.71,7.122962962962963,-9.19732638888889,5.0
4dc646b9b9e8e411ef48ba000ea3ac6f,4,5,353.26,10.663962962962964,-6.872196759259259,2.4
a663d9c3797e90eac99ff60939416a56,1,1,249.08,5.360590277777778,-6.075983796296296,5.0
2f9b7ce230a057a98a9f5df5893ee36c,2,2,171.85000000000002,10.458252314814814,-5.979641203703704,4.5
880eda903e719a5f179f7e9fceb3a69d,1,1,291.72,,,1.0
2bdb95a56a36ebbc6640337ac5eac174,1,1,107.9,5.851944444444444,-33.22650462962963,5.0
52f6f9f13ba19504c02781132a049e75,1,1,222.13,16.289837962962963,-13.329131944444445,3.0
bd65d163ded559eb90a10cd09fec178f,1,2,38.480000000000004,4.471331018518518,-16.09025462962963,4.0
deaadd805612bf94faaa9fa702516e11,1,1,65.11,,,1.0
ad14615bdd492b01b0d97922e87cb87f,1,1,19.21,13.583900462962964,-13.679641203703705,5.0
9599519be538b98748162a2b48248960,1,3,630.0600000000001,22.617453703703703,-7.050856481481482,1.0
a56a8043ebf66e42119618fb8cf232c6,1,1,106.73,10.828888888888889,-8.238402777777777,5.0
698f5fa55a5f73d0740e9d9a773e8093,4,6,203.98999999999998,5.899454089506173,-13.975744598765433,4.833333333333333
05ca864204d09595ae591b93ea9cf93d,1,1,188.42000000000002,5.168472222222222,0.5562615740740741,5.0
712efd3b68f9686dc856b84abd0f21ae,1,1,156.16,7.23662037037037,-1.2342824074074077,4.0
cd52a8efd71af3336b14b5039b951cc1,3,3,230.54,11.198726851851852,-7.806776620370371,2.3333333333333335
fec8cd45395b3cb0c2b173d7739706a1,4,4,1376.94,10.44833912037037,-10.577748842592595,3.75
a35ef466c6fd6d052f5d241240d3c5e2,3,3,649.55,11.83108024691358,-19.94471836419753,4.666666666666667
eb4a59a06b3948e851a7d7a830bcbc42,2,2,108.0,11.078020833333332,-9.175243055555557,3.0
4dc2e811a1760953cb7c6a590b498943,1,1,199.84,6.671539351851852,-8.389097222222222,5.0
5e063e85d44b0f5c3e6ec3131103a57e,1,1,30.32,1.288333333333333,-6.2855439814814815,5.0
e0487761face83d64fcada2408959a36,2,2,64.12,3.5394791666666667,-2.7509027777777777,4.5
bab0a8cd684e41ba6e2637dca0979d3b,1,1,289.03999999999996,13.315324074074072,-9.119675925925923,5.0
e00d85ce20ea50c1224c66ca5050527d,1,1,157.3,2.049375,-10.475127314814817,4.0
19d62d484cba71963c93f0f00ab42013,1,1,162.59,13.946666666666667,-7.352303240740741,4.0
2ef086a599b597572aca4433b7ed6b3d,1,1,64.1,11.24431712962963,-14.445185185185183,5.0
3fefda3299e6dfaea3466ef346a3571a,1,1,225.21,6.3142708333333335,-17.258391203703702,4.0
731ef20c231d9a7103a425e83fd91271,0,0,,,,
17adeba047385fb0c67d8e90b4296d21,0,0,,,,
52f976b17ea7f2f087f56dcc419328f6,0,0,,,,
59417c56835dd8e2e72f91f809cd4092,0,0,,,,
a99504ac23ed125aaf5302af6cc30af9,0,0,,,,
3d68c634a99a1ba46dbca3967a69c623,0,0,,,,
052577151711aec5c744fe12e66db3e1,0,0,,,,
cb810bd318f51b3dc3c753944d61a1fa,0,0,,,,
1703bc09972dab9782e7a9194943b69f,0,0,,,,
80ceebb4ee9b31afb6c6a916a574a1e2,0,0,,,,
6426d21aca402a131fc0a5d0960a3c90,23,23,1593.82,10.963011272141706,-12.87293830515298,4.173913043478261
e59aa562b9f8076dd550fcddf0e73491,66,80,29391.93,13.083699252136746,-12.18268592711301,4.3375
855668e0971d4dfd7bef1b6a4133b41b,294,309,31343.879999999994,15.573828134875479,-8.221479940905068,3.737704918032787
0b90b6df587eb83608a64ea8b390cf07,159,204,26330.409999999996,14.479209313993785,-17.634708082466723,4.019704433497537
86ccac0b835037332a596a33b6949ee1,178,208,18906.780000000002,11.821911902844887,-14.205323514940057,4.019323671497585
2e90cb1677d35cfe24eef47d441b7c87,124,134,16076.059999999994,12.077065626727475,-9.824674803067992,4.022388059701493
5b67882648febfb6e1225e6ad7164f6b,26,29,5648.720000000001,11.880172413793106,-12.85815772669221,4.0
96493fab2fbb13a14d0c0e8772eef5c3,63,64,20181.23,13.39367639612268,-9.534744827835649,4.031746031746032
e9779976487b77c6d4ac45f75ec7afe9,657,750,53302.659999999916,9.849296302569522,-9.113191417620195,4.166219839142091
a420f60ff1aa9acc80d0e42959f2b313,66,68,7273.769999999997,11.423576559095862,-12.013743191721133,3.9242424242424243
01cf7e3d21494c41fb86034f2e714fa1,54,60,8430.109999999999,10.906076189335886,-15.291788992656446,4.305084745762712
0c7533c71df861ec58ad7ff999ed0e8d,61,73,3863.5099999999993,10.596120306950784,-9.073805650684935,4.082191780821918
056b4ada5bbc2c50cc7842547dda6b51,65,66,13639.410000000003,12.710589921652424,-11.716248575498579,4.123076923076923
e24fc9fcd865784fb25705606fe3dfe7,51,54,12478.470000000005,12.722534940600978,-12.939119933612854,4.166666666666667
71dc18fd8cbf5fd77f45dd8b427abb34,4,9,1229.4,11.461727109053498,-17.75388888888889,5.0
18e694e0e48ed6f7aa3f24aade5fd697,31,34,1205.7700000000002,6.07870949074074,-12.710398624727668,4.676470588235294
cd06602b43d8800bd0afad514919d35c,44,53,3335.3299999999995,11.956750133547002,-11.038837250712257,3.6792452830188678
1464afc72f696af775557a821c2e253f,29,30,1513.78,11.26342091049383,-12.006940200617283,4.166666666666667
ad273c9eb54ecb4532de4bf75bae9e4e,10,11,829.75,11.92871001683502,-12.172936658249155,3.8181818181818183
b1204cfda1d4948679db3cfc0d3cb95c,7,11,3078.1500000000005,9.825545910493826,-19.989172453703706,3.272727272727273
1d1bbb8ac1581824986f582583fff01d,4,4,226.46999999999997,9.16330439814815,-4.972531828703703,3.5
bacb1f0ed56ad24198f5810d2b3fe9a5,42,42,7833.390000000001,9.781034356725145,-12.696670321637427,4.075
aba1721a889e04decc910aa13b768ef4,82,90,12888.890000000003,8.863714120370375,-11.212506044238685,4.533333333333333
784ba75dd9d20200c4caed3d7a77141a,17,20,1097.3800000000003,12.013908179012345,-8.296500771604938,3.5
382229d1e840115ffe3dbf5ff460e417,46,49,4966.620000000001,8.985604021990738,-9.672912085262345,4.26530612244898
66e0557ecc2b4dbea057e93f215f68d8,31,31,12977.989999999998,31.725889660493827,-8.132280092592593,3.935483870967742
f5a590cf36251cf1162ea35bef76fe84,81,84,22221.24000000002,12.20073259602195,-9.805597708047552,4.166666666666667
eebb3372362aa9a46975164bed19a7e7,7,8,711.32,52.582190393518516,27.664864004629635,2.2857142857142856
d1b65fc7debc3361ea86b5f14c68d2e2,33,34,7739.950000000002,8.058569725028057,-15.71543385241302,4.5
fde0cc9ea29c8ccfc0a2c22256a58c71,34,34,4689.860000000001,8.851489651416122,-15.609556440631806,4.470588235294118
cce6ab8d1682639fe45ab70234f1665f,63,66,3690.14,15.456308955439813,-13.109042968749998,4.4393939393939394
ed4acab38528488b65a9a9c603ff024a,29,37,6181.3899999999985,9.127008744855964,-11.693281571502055,3.675675675675676
66fd84ee7528c0c0de85d0f44a73d5ab,11,21,1891.2999999999997,14.563925264550264,-16.985791997354497,2.9047619047619047
cac4c8e7b1ca6252d8f20b2fc1a2e4af,75,83,5722.540000000002,19.89952433378501,-4.327271482610662,3.5121951219512195
40d54b51e962dbe09cabbcfd33298dee,29,30,6940.05,7.06611574074074,-11.770345293209882,3.8666666666666667
dd533b429f380718b70ad9922c294bae,39,43,3460.4,16.592970302619694,-8.57934677055104,3.7674418604651163
e9c6969d40e6a3d2d0f90013165c2b98,5,5,1231.38,8.36879861111111,-18.210020833333335,4.8
f615fe7efbef0f4f08fd3086bc7a3e60,23,24,2748.9599999999996,7.495673309178744,-11.927826590177132,4.375
ff1fb4c404b2efe68b03350a8dc24122,45,48,7191.53,9.841734664351854,-7.893227719907407,4.041666666666667
e0878efa0e0b7e5313ac0b43bc04c081,27,29,5594.910000000001,18.21572958002645,-10.494103422619046,3.4482758620689653
2e3be8a987a30d7544dbbda6861cc14e,18,19,4777.549999999999,14.025557098765432,-10.234307098765433,3.0526315789473686
a080fc8a850289b27500f6b49cca2553,4,4,435.57,5.423171296296297,-8.657502893518519,4.75
eb9267cccc90f1b49c8d2f9887c7dd97,1,1,346.27,7.810868055555556,-9.28332175925926,5.0
5d0363b33554b373851fc1622e4d5f3c,94,95,8802.97,12.730621921788805,-8.23083825847124,4.052631578947368
6c99c983ce3b6ba0ab813e6790e81691,9,9,752.51,6.133632973251029,-15.013602109053497,3.7777777777777777
1b65c144b17e607c0f37f10bb7dfec8d,5,5,1254.3500000000001,8.770837962962963,-28.005888888888887,2.0
f7720c4fa8e3aba4546301ab80ea1f1b,60,78,3418.969999999999,9.92434418590669,-14.023381132756132,4.1923076923076925
55bb6fe5bebe5012e2d7d9928e1128ff,13,14,1955.05,16.94297867063492,-7.0194651124338625,3.357142857142857
788e857f317e53de488d393e65a80f45,11,11,1394.9499999999998,7.407333754208754,-13.11110058922559,4.909090909090909
7fdb0720c8d7c9075538b365dc8c3a22,8,9,1932.9899999999998,16.736370884773663,-12.54860596707819,2.2222222222222223
5d3bb11474a06bdc23fb9e89f1164ee0,31,32,4178.820000000001,9.746797236689813,-12.795955222800927,3.9375
df56d7b40d437f88407c5f78b63bc328,22,25,3251.5000000000005,12.269970833333337,-11.311672222222223,3.88
0c7f30ae9b147eca07affbef92832a6a,5,5,567.11,8.54264814814815,-16.200020833333333,5.0
afe0067131b73e40875c9b6c10bd2e21,46,46,6255.8499999999985,15.468515432098762,-10.702703703703706,4.2
034b9387752bfa309f350a70cd45ffa3,8,8,240.26000000000005,8.508582175925925,-14.651976273148147,4.5
b347677812ea483b0f528eaf8cbc09b7,19,19,7013.89,12.843777412280703,-16.269362207602338,4.473684210526316
37ceb404da208418c9032f0674e57804,1,3,274.11,,,1.0
05d2173d43ea568aa0540eba70d2ca76,60,64,6525.509999999997,14.707182074652778,-10.57847095630787,3.967741935483871
e7f3bf1ecd8526eb7f3b18059e6716e5,18,19,1747.69,8.862104552469136,-14.849501028806587,4.368421052631579
6bbcb8924baf70b7fe2fe2097e8cd407,10,11,2646.8300000000004,11.510225168350168,-17.884895833333335,4.545454545454546
de0c78824586e9a5f5f04fd84e25df39,14,16,2697.83,6.352893518518519,-19.346059027777773,4.4375
bb135baca94c82fcb731335ad5b04a03,18,38,1522.6800000000003,7.996843932748535,-23.60238974171541,2.6578947368421053
01fd077212124329bac32490e8ef80d9,31,39,1783.3600000000004,7.986924857549857,-11.213219076448244,4.3076923076923075
739c7d7be81f63812dea0d1b1451c651,2,2,149.3,17.126261574074075,-23.351446759259257,4.0
edc518ba25576a0188a0e8f2c3af186f,5,7,1041.4299999999998,5.856435185185185,-6.987357804232803,3.2857142857142856
ed8cb7b190ceb6067227478e48cf8dde,15,17,816.2099999999998,7.246978485838781,-9.208744553376906,3.176470588235294
3338e7a0710a195872be80e0d2423867,1,1,65.43,,,1.0
fb3cfbc8a86f5d7fbb4d36b8df63f60d,10,15,1225.06,7.461124999999999,-15.949399691358026,3.1333333333333333
4da0e408c99d2fdc2126dc9fce518060,44,54,3964.7300000000014,9.155100308641975,-21.310896990740748,4.444444444444445
376a891762bbdecbc02b4b6adec3fdda,57,58,7693.629999999999,12.116045857279692,-14.561508421136656,4.672413793103448
bccf933e006e9b94a6184af782963e77,45,46,5047.210000000001,11.575002516103064,-12.548257598631237,4.533333333333333
1a932caad4f9d804097d7f8e615baed1,19,28,4536.830000000001,8.804367559523808,-11.660504712301588,3.5357142857142856
e83c76265fc54bf41eac728805e4da77,8,8,336.49,32.602546296296296,10.755326967592595,3.625
05e107217c7266362fd44b75b2cd4cc4,5,8,275.39,6.803227719907408,-4.1959042245370375,4.125
4a1f694197d05fe70026b016a7316b41,14,23,1278.7500000000002,11.072153784219,-13.9357518115942,4.391304347826087
1e26c56af8d48424e1df0140a2401f83,2,2,292.39,5.251145833333333,-15.580636574074076,5.0
7ff588a03c2aeae4fbd23f9ae64b760d,14,16,1403.38,5.047222945601851,-8.821293402777778,4.6875
d1a1b40ec554c593a1a99366746289dd,1,1,64.22,,,2.0
d4ffeb15b67e81ff9af2b4252d99fb7e,11,12,1724.8100000000002,8.978477044753086,-12.416492091049383,4.3
2c3d56f92f360fb89d849b84e8f50eae,8,8,590.44,13.617607473544973,-4.674560185185185,3.125
2b2fed75b8e5ea3a052fc4c0825da485,3,4,570.83,4.906539351851852,-19.537960069444445,5.0
808d4348b916efa08e766ebad39f61eb,21,21,1014.9200000000001,7.961432870370369,-8.556380208333334,4.428571428571429
0bfd0b434243adc5c2e1aa6baf19c6aa,6,6,436.99,8.463200231481482,-19.80938271604938,3.6666666666666665
f7df46c1e0ec44eed5c6726478da4a17,3,3,487.44,,,1.0
9539213aa8e023c01937bef95dc006da,9,9,319.04,11.792710905349793,-3.4868788580246908,4.555555555555555
f5f46307a4d15880ca14fab4ad9dfc9b,8,9,1246.1899999999998,12.994206532921812,-10.998856738683129,3.888888888888889
9add47bf45ce8e8c7db6b9cf670b1e09,42,44,5774.72,12.13340608465609,-12.814776234567901,4.27906976744186
e81e1f9c3e762e620f3fb60a51499e16,15,16,3960.2500000000005,31.619168113425925,-11.779189814814815,3.8
8185694b58b2ba6de20fd41ae608bbea,8,8,1602.5700000000002,11.058253761574074,-10.069923321759259,4.5
3febca52652e7209509ccfe61cbde40e,2,2,100.9,,,2.0
f4db9b37944bcb8873e6b456ee190bbf,21,22,3909.94,13.29969539141414,-10.365808606902357,4.545454545454546
2d9e8987a2ea5cf88dce330249043ff1,2,2,344.17,8.896828703703703,-4.773281250000001,4.5
2bd05d410a8fd26dc4184a15f4f2f588,5,6,359.71,9.07279899691358,-18.553802083333334,5.0
d0d70d21e2234dd7cd3cf63fe414148a,6,7,735.2500000000001,8.435742394179893,-19.476544312169313,4.142857142857143
b0f2a6122a90a93eb03e68653dd960e3,6,7,1758.2800000000002,8.20083167989418,-17.112127976190475,4.857142857142857
3d4824f20035949c710eaf111f869d39,9,10,1214.5800000000002,9.130246913580246,-16.191177983539095,3.9
ddd51ae8cda92f3995a51fc0f0f3eec7,8,25,1119.6200000000001,7.034957407407407,-14.199673611111116,4.6
9df5750209b83567ec144eb299d7d634,9,9,3148.9,13.980558127572017,-20.38375128600823,3.888888888888889
49cdc90518a4f82676b38b3c1aa43ff6,5,5,1622.11,5.732277777777778,-10.340064814814816,3.8
15fa791d5e017f66402dc28c44480657,7,7,926.09,7.661547619047619,-11.09735615079365,4.714285714285714
8132b9bd16876e1b0f8808d43825dd48,2,3,768.9399999999999,16.81113425925926,-15.424479166666666,2.3333333333333335
21d59342ba150175ca2aa4f8faddeca6,2,2,334.29,8.62144675925926,-17.836394675925924,4.5
a21c11ec5c3f03e7cc9f9203bff9e1c6,3,4,475.88,8.954418402777778,-13.75556712962963,3.0
9bc484c87d79cd4874e05ca182658045,9,9,1269.8700000000001,13.12238425925926,-4.370026041666667,4.0
41b14765bd56c8ad10971074380f9c0c,8,10,514.63,7.0714490740740725,-14.321952546296297,4.1
89757206b887aed36f3e18d858460fea,2,2,176.14,9.605752314814815,-13.695758101851851,5.0
91543f9849d68d023e17194926598543,4,4,667.45,12.869427083333335,-14.71493923611111,4.5
dd88d13bea9e4c2bf47daf224f8141e5,1,1,487.38,5.675613425925926,-6.359247685185185,5.0
7c462184585ae80bd6e5774c62ce50f2,1,2,77.64,16.04199074074074,8.568425925925926,3.0
3f9be91358837bff69df67edfa3e42e8,7,7,702.06,9.842959656084657,-18.465537367724867,4.428571428571429
ba89796db68db180bd389de96b2ff3b6,2,2,353.26,8.601232638888888,-10.904427083333333,5.0
4c61e37f664c3c88aff092aa5ac779d7,7,8,908.17,16.80345920138889,-2.1051909722222226,4.0
bbf9ad41dca6603e614efcdad7aab8c4,11,11,6566.259999999999,14.716804503367003,-20.840560816498314,4.7272727272727275
4c1c7281388a33dd06daac44f9fadbd1,5,5,269.90999999999997,8.786493055555555,-15.764891203703703,4.8
2d20f1cd18725c91147da0791d498022,1,1,119.69,9.953344907407407,-7.45855324074074,5.0
6e2d3e2dc84fb30f6078f39dd3bddd6f,1,1,235.28,,,1.0
6dc9bec584588412a6a338830946a3e4,1,1,302.87,,,1.0
4fb41dff7c50136976d1a5cf004a42e2,2,2,525.08,92.65920717592593,58.837089120370365,4.0
392f7f2c797e4dc077e4311bde2ab8ce,2,2,88.56,5.309016203703703,-7.03771412037037,5.0
ba6b4a237f92479743cf0ca06b67a9ac,8,8,913.7099999999998,12.598758680555555,-4.501802662037037,4.25
fcf16b7a8697e559f0123190bb30177d,1,1,174.16,14.69138888888889,8.548298611111111,4.0
7b1222c3624aa89b9558b50a2594188c,14,14,4573.0,15.614552744708993,-12.111251653439151,4.5
5dc203c7b84a0e71e878a179de05fb9a,5,5,550.05,8.570122685185186,-11.610479166666666,4.0
7a073a40a9d3f1fee8bc45670ea1e909,1,1,112.78,,,1.0
9ed65337433adfbedefd23dd76eaa494,5,5,549.31,8.095506944444445,-9.979541666666666,4.8
8dd386be0767c330276ea6a3f96532d3,1,2,134.48000000000002,10.29300925925926,-8.821863425925926,5.0
2d2322d842118867781fc737e96d59a1,8,10,281.37,7.23734837962963,-5.64734375,4.9
d3e7d37c0df9aef383f3f2a15b0dddfb,1,1,201.34,13.07738425925926,-23.429305555555555,5.0
6576fd3e23c88f0e5d4d23f39bba0542,1,1,25.46,,,1.0
668bf321538e5072858eaef6087ce027,1,1,28.009999999999998,4.473495370370371,-9.118229166666667,5.0
830379336fad8c6f3b15a4a3ddb5c66e,2,4,438.38,6.126064814814816,-13.780225694444443,4.5
0d4c8269e7f0401201794deef160edd6,3,4,892.03,18.807152777777777,-5.3515422453703705,4.0
3ef37b7ca6dd2b80bd8af81a62504996,2,2,740.97,14.346006944444444,-7.4165682870370375,4.5
da20530872245d6cd9d2f5725613c430,2,3,394.22,9.430412808641975,-13.255725308641976,4.666666666666667
1fbe10c70e30765ed1de86d9f7e98409,2,6,158.10999999999999,8.043780864197531,-6.148929398148148,1.5
c398bc00a606d33758afd91f4e64fd15,2,2,165.5,3.7029050925925926,-27.53103587962963,4.5
271b8923c6a549e02d3c9fd1f8c0422b,1,1,118.59,14.175335648148147,4.994236111111111,4.0
866558b3bccef2dbc6d29a2b5995016f,2,3,438.42999999999995,13.441014660493826,-13.529583333333335,4.333333333333333
e88f7a2995ba184710d339c5c4bf2e30,2,2,287.51,10.833229166666667,-12.174120370370371,5.0
9a208dee8f95cfdf00760c4d627828ec,1,1,295.98999999999995,,,1.0
a5ff20ff766e7f50bd5066f33da14413,2,4,110.16999999999999,5.640086805555555,-26.11589699074074,3.0
0af977692321d895349eded183341d28,2,2,277.22,2.5402256944444446,-7.558622685185185,4.5
8fbe2ee446b97e128471be4ce983dc0d,3,3,188.5,8.099621913580247,-3.8550925925925923,3.0
ab75b89cc49c9ab3160d0c91565a442a,2,2,53.83,9.102488425925928,-23.227141203703702,1.5
466222e777149751370e7e98fb623b0c,1,1,105.45,6.829317129629629,-8.202314814814814,5.0
ac1ed5fc15901fbc92920361eb4ab350,1,1,124.03999999999999,,,1.0
3296662b1331dea51e744505065ae889,1,1,545.51,3.404826388888889,-10.06613425925926,5.0
2c00c85d30361cd2ced2969cffbbffa3,1,1,57.51,1.8740625,-7.314872685185185,5.0
3606774ec64634822d78dc2db6d37045,2,2,345.20000000000005,15.816574074074074,-34.197997685185186,3.0
d8bf0fc082fd4a77fc2e5679b6c00133,1,1,149.04000000000002,7.092939814814815,-4.288645833333334,5.0
17998cf586426bf0f2c3726cb0a4b211,2,2,115.52,8.385243055555556,-21.735364583333336,4.0
f049a72cf58fd31b11f8919cade515e7,3,4,170.98999999999998,3.98099537037037,-13.624872685185187,3.5
a7c53f6b3b61adbdaa99dda97e8cbd56,1,1,110.3,6.837638888888889,-9.308217592592593,4.0
044668ccd5316b12a7cf0d54a156e3e9,3,4,191.35,7.197418981481482,-24.071614583333336,5.0
82921991ff5b557b045605b8bbf08d49,1,1,37.129999999999995,4.079814814814815,-12.09962962962963,5.0
3ea08c48e851106d2f584349daba335f,1,1,192.94,6.003807870370371,-15.09133101851852,4.0
db6a4d4b5f1f5f98820ce6ce2619e2de,1,1,148.15,3.113460648148148,-18.184965277777778,5.0
e64ddbe1cbcf4f2fc3092b7c481f3f9d,1,1,28.29,5.512708333333333,-6.987222222222222,5.0
9e25199f6ef7e7c347120ff175652c3b,1,1,27.02,8.199456018518518,-13.384108796296296,4.0
28872dc528e978a639754bc8c2ce5a4c,0,0,,,,
2d378dbb39815785238c0139c7647fb7,0,0,,,,
da4d149c0ddbac90557103ac0a0ec356,0,0,,,,
a35124e2d763d7ca3fbe3b97d143200f,4,7,490.38999999999993,8.886656746031747,-11.771755952380953,4.428571428571429
9c0e69c7bf2619675bbadf47b43f655a,155,204,34939.079999999994,15.213085776748963,-7.333590710344183,4.03960396039604
f45122a9ab94eb4f3f8953578bc0c560,182,195,20326.360000000008,12.364449688946763,-9.631663592303235,3.8923076923076922
3340ef1913fb70d28420f6ceb685c339,32,42,7481.5499999999965,15.509944334215167,-10.596534115961205,4.333333333333333
9f505651f4a6abe901a56cdc21508025,397,430,32391.859999999975,8.168485480785945,-10.328959229916535,4.28169014084507
cfb1a033743668a192316f3c6d1d2671,147,184,16236.200000000003,11.871563599213742,-10.855127702772608,3.9562841530054644
f80edd2c5aaa505cc4b0a3b219abf4b8,117,126,11728.24,12.09234464393255,-11.508695423065344,4.128
06e5eefc71ec47ae763c5c6f8db7064f,91,94,23901.509999999995,10.947517864331726,-16.257503899959744,3.9130434782608696
c70c1b0d8ca86052f45a432a38b73958,261,338,40476.27999999991,7.66914127948633,-8.400701919367284,4.3014925373134325
1e8b33f18b4f7598d87f5cbee2282cc2,121,138,19332.639999999996,7.691442957556095,-10.25817374628278,4.272058823529412
688756f717c462a206ad854c5027a64a,82,100,7683.879999999998,10.687261196145116,-7.083037131519272,3.7731958762886597
c4fb51fb1c5b7c07bc5e67be6e7e8f6e,14,15,1757.95,16.362667438271604,-9.696259259259259,3.466666666666667
d921b68bf747894be13a97ae52b0f386,77,77,17403.810000000005,9.97529761904762,-15.349977603415104,4.558441558441558
128639473a139ac0f3e5f5ade55873a5,533,560,21694.44999999995,14.412933066753581,-11.54880078803984,4.176895306859206
6d66611d7c44cc30ce351abc49a68421,165,175,16591.50999999999,12.06579707236138,-10.129285284200387,3.930635838150289
ad420dd0c4f92f8af951ac24b86d0cf5,42,46,5618.4000000000015,14.698960094605473,-10.933365287842193,4.159090909090909
6b243f80ed07b10f0e8aa0f21a205f3c,79,89,7807.400000000002,11.021512432376193,-13.720315100915524,4.022471910112359
1b4c3a6f53068f0b6944d2d005c9fc89,110,114,17076.53999999999,14.307471374834662,-12.202612330522484,4.097345132743363
37be5a7c751166fbc5f8ccba4119e043,272,281,61433.879999999896,10.607953304023448,-12.850901112443378,4.3140794223826715
ce7d1888639e6fb06b2749cbfdac1ff7,69,75,12948.01,14.021029783950622,-12.697847839506169,4.16
8a432f4e5b471f8da497d7dc517666e2,95,106,9520.110000000004,7.961400462962957,-11.729096785464707,4.201923076923077
a17f621c590ea0fab3d5d883e1630ec6,65,80,3901.539999999997,11.659324103751185,-9.84321284425451,4.092105263157895
ea67327e24487bdfac5fbfa37ea124df,30,32,6016.11,8.634736689814815,-14.500913266782407,3.59375
562fc2f2c2863ab7e79a9e4388a58a14,260,270,13119.340000000004,11.25538635569531,-12.498795859538786,4.235074626865671
4305fe92735c8a43d154ff6dd2b8d927,19,21,3314.2500000000005,11.234060063352826,-9.591234161793373,3.9047619047619047
acce39e832338debb07b02385cde5967,43,43,5725.199999999999,6.9503248815676155,-9.178230243324721,4.465116279069767
dc64d75cc406bb0697be983831430e60,4,4,905.55,10.212702546296295,-12.77027199074074,4.75
4bf2f4ee540798a61f9636d12cd9cc80,29,30,5501.010000000002,13.481918209876543,-11.59853163580247,4.166666666666667
3c03b12bab54d8b37d79d914bfdb1aa0,37,43,4919.77,13.750257859603792,-8.11782918819983,3.880952380952381
0bf0150d5b9d60d9cd2906003332f085,39,62,6872.340000000001,14.129168533452804,-6.5282190860215135,3.711864406779661
b2ac621f0d0322434d04a12b078b9369,26,26,6166.000000000001,14.856944444444444,-11.550977118945868,4.3076923076923075
6f892e20a171e98efe17fdb971ff319b,44,53,7342.859999999998,16.75671064814815,-9.429204629629629,3.730769230769231
ef990a83bbea832f36ebe81376335aa8,43,44,5557.24,16.851660090488213,-7.806161879208753,3.659090909090909
77a515caa36327151d1cc6c32a9f00e1,26,26,2613.58,10.337384259259263,-10.092807158119658,4.423076923076923
bc47d5d1490df2b36add65d733eafaba,24,25,1419.9099999999999,13.238466961279459,-11.134492319023568,3.28
1838dd9b8977065acf51d95e0053ea7a,64,67,4075.8800000000015,12.563077635327634,-10.374782051282057,4.2388059701492535
2a61c271b1ac763450d846849783e922,18,23,2013.1299999999994,20.192742552334945,-5.696100040257648,3.652173913043478
4200ddf1967c5e41e48db62bc6d4b5ac,22,42,1222.7299999999998,8.97602595899471,-10.703231646825397,4.243243243243243
de722cd6dad950a92b7d4f82673f8833,336,376,64371.359999999986,12.71920813527431,-15.268601331946916,4.160427807486631
66922902710d126a0e7d26b0e3805106,151,156,17581.069999999996,11.38841696535245,-9.546909946236555,4.451612903225806
259f7b5e6e482c230e5bfaa670b6bb8f,138,165,11265.25,8.603689700502972,-13.046095464677641,4.2073170731707314
9baf5cb77970f539089d09a38bcec5c3,30,31,4912.819999999999,14.838208333333334,-17.426764660493827,4.290322580645161
d17f467e4bf608a510c20d82f4ba3b6b,9,9,1964.2699999999998,9.523459201388889,-8.259794560185187,4.111111111111111
e62b2d6ac10570a035a30bafcf01d263,62,71,6375.469999999998,14.706772463484615,-8.483317357850812,3.8333333333333335
6061155addc1e54b4cfb51c1c2a32ad8,15,20,1968.3499999999997,5.885065972222221,-8.134576967592594,4.6
adbc26658d6c7b4b6219f9d934598091,88,92,13692.249999999989,17.181017512077297,-7.626397569444447,4.054347826086956
7a241947449cc45dbfda4f9d0798d9d0,61,71,9796.280000000002,12.73465313390314,-14.648030270655267,3.557142857142857
609e1a9a6c2539919b8205cf7c4e6ff0,87,130,9282.419999999996,10.343952012108259,-16.48126032763533,3.598360655737705
97512d3fc193b2d1dfcdba0f9d1f0f8a,11,12,1411.74,8.018271604938272,-7.411801697530865,4.333333333333333
fad44952713764836814be105382aee5,32,32,5636.880000000001,10.794259259259261,-11.17844184027778,4.28125
f67efa3f0b6761102a7f8c6b7b571f5d,29,30,5584.46,9.734616898148149,-16.53160108024691,4.4
b494891378bd8f4560abe576c52deacd,20,22,3270.8199999999997,5.217683531746032,-6.782998787477954,4.636363636363637
d4e4b5192cba4e0e66eb12a9d347239d,12,12,652.0899999999999,13.376001683501682,-15.337435816498315,4.166666666666667
38e679b9e0064cd94c6f035707344dae,28,30,4418.1,11.186011078042327,-16.250191798941795,3.9310344827586206
4b5f66b7adcf57f1ecc0d3c07dd6b177,23,38,7115.959999999996,13.595445906432749,-13.675844602826508,4.081081081081081
272f092de69afedd4d2969440b37f18f,26,40,2471.3399999999992,9.348065645773975,-15.352819622507122,4.0
14a08204d03bb6b6bde8029f801ae0eb,28,38,2779.1,8.629664656432746,-15.078777716861605,3.8157894736842106
85cc55e048b6bcc90c75afe7f0e72f72,9,9,501.75999999999993,13.153153292181068,-8.594420010288067,4.444444444444445
2089a6d640999f9b9141ac719b2af596,44,44,9525.939999999999,19.527540932700994,-10.751182531616983,3.727272727272727
655220df33262c7e0c4949a147366f94,12,14,2624.1200000000003,11.9799644510582,-7.536546792328041,4.142857142857143
1987cd4be10fe09ee50454f9c354d1c6,14,16,3135.2299999999996,15.736322337962962,-13.458918547453703,4.25
cc5a78bbad32776dc4e3af205218368c,31,36,4661.049999999999,7.458148148148145,-15.645996013374486,4.444444444444445
adcf50477d6a1f5d91bb9d54c4903cb5,19,38,2223.8,24.512162485065712,-11.699607228195939,3.1315789473684212
95f83f51203c626648c875dd41874c7f,50,65,4499.100000000002,10.840681033215755,-13.671495811287471,3.230769230769231
cb32766839f443db85c82a43c4a6c19e,2,2,265.51,19.473778935185187,-8.363871527777778,3.0
8daab2245ebdc277c51098d01c5ad8ef,16,16,1888.6400000000003,10.034896556712962,-16.579403935185187,4.625
50c9975695009e5e6473912e83a6d1da,42,59,4846.01,14.882894499372258,-7.497317365034525,4.0
bf100ecb7997df312b285358fb32f92c,20,21,2337.0100000000007,9.660422178130514,-16.932710537918872,4.368421052631579
741f8c587cb4248ebc5b779a0e8e0e51,5,5,157.64,13.239328703703702,-7.058583333333334,4.0
b1aaae6b66ad3c40f54b389d7ea4bee0,15,17,1569.24,8.124083605664486,-18.845021105664493,4.470588235294118
c9a06ece156bb057372c68718ec8909b,14,14,5229.62,11.487320075757577,-32.37888573232323,3.0
17908cf9b444ee34047cadd5c0f4a516,10,10,2142.4599999999996,15.825444444444447,-14.99224537037037,4.7
28405831a29823802aa22c084cfd0649,7,7,333.17999999999995,7.194031635802468,-5.261581790123456,4.285714285714286
78c99c6dff4eeae5be99bf635ed21e3f,31,39,2695.77,13.98819474121557,-9.663928656220321,4.333333333333333
2ff97219cb8622eaf3cd89b7d9c09824,89,96,5866.0300000000025,8.793597690110325,-8.65238684495666,4.541666666666667
3fe7120d6257285ac6a3ce7cb071ccec,2,2,228.26,9.570578703703703,-15.436371527777778,3.5
05ff92fedb5be47920fea08e501238b9,56,59,21993.500000000004,12.231767381416502,-17.33077729044834,4.169491525423729
f7496d659ca9fdaf323c0aae84176632,24,25,5075.829999999999,12.485248360339506,-21.136509452160496,4.56
fec6275253471ace26d209bbaa64cd0f,8,9,2842.5400000000004,12.395555555555555,-17.225514403292184,4.555555555555555
20a8b0dc55da94fe74d112082427c84f,7,7,531.38,8.23525462962963,-3.8480555555555553,4.285714285714286
73a63f72308aa20a46f4b1632018f196,27,39,9977.619999999999,11.322870721099887,-14.725205176767677,4.105263157894737
55f7a3319d80f7fdf078b8f03e6725fe,22,22,3420.4499999999994,6.7771659301346805,-5.735093644781146,3.772727272727273
1e47defeeadeca0e9a18fa5a9311e735,3,3,291.62,12.017928240740739,-11.723958333333334,5.0
2ea0861cc19e94cad86438c984c52da4,6,6,228.04999999999998,5.2506057098765435,-7.194413580246913,3.3333333333333335
6c1b6d0c604b776f844125f911eb7377,5,5,524.5,17.514010416666668,-14.389140625,3.4
e7df4cd29ab5abab70fb0783ddb53987,17,18,2637.9000000000005,8.753430426954731,-12.426074459876544,4.555555555555555
8bdd8e3fd58bafa48af76b2c5fd71974,11,11,2515.5499999999997,10.378738425925926,-11.400266203703703,4.545454545454546
c3ee2331a724e6fc02c4b698b57a73f3,2,3,1487.88,6.240069444444444,-7.386793981481482,3.0
c7a0a13cbcf29d5ce51c8f80afdc0b89,8,9,657.8,10.247235082304526,-13.447678755144034,4.222222222222222
085f6f7e049c996695fb2074fe38d45e,6,8,435.96000000000004,10.334759837962961,-14.44903935185185,3.625
6d1b9c9579132c87d2703ec38c30f2c5,4,4,367.39,9.304976851851851,-14.995578703703703,4.5
3771c85bac139d2344864ede5d9341e3,26,30,1842.2599999999998,12.76786689814815,-7.6442110339506195,3.566666666666667
b81e3a6c866a764974fe849821abeebd,8,11,1053.01,5.752156986531986,-6.059067760942761,4.545454545454546
921323538c9f1c4e816f2720eac02bea,15,17,1642.2000000000003,8.079127178649237,-8.617637527233116,4.0
525e75a6fb1454a2325ab1734bcec221,10,11,777.0699999999999,6.3476180555555555,-12.97445601851852,3.727272727272727
c5e60e39c0f42b8e827daa13cff74afa,6,8,223.09999999999997,3.3866304976851858,-6.009978298611112,4.125
f9eedec3129e8cc6b6429c42d0808c5b,2,2,833.15,6.757737268518518,-8.280601851851852,4.5
55a5b51f93f2b70ea513f5a047b0262a,39,41,4849.379999999999,13.728832712285458,-11.759549457994574,4.487804878048781
3f8034bfc6b8b4135534975d49f04c63,12,16,1594.5099999999998,10.538574735449737,-17.214122023809523,3.0625
a4fc6eadaff1576af888509a53420f6a,1,1,121.62,28.98512731481481,-5.253831018518518,3.0
baa49d93c8c8841e27400a300f5d74b2,6,6,334.42,12.282937885802468,-9.198852237654322,4.5
5c030029b5916fed0986310385ec9009,4,6,1776.94,4.238937114197532,-19.638476080246914,5.0
e5f9e61ceb5f523cc966e0f34095032f,4,4,2353.44,20.252138310185185,-5.867763310185184,4.0
adbe70ab2c97442046d393988c8d1d27,5,5,354.65,7.185418981481481,-7.971451388888889,5.0
c353f8fc0ce8344999f17d578eb69a5e,2,2,212.57,9.96112847222222,-33.07417824074074,5.0
4d9fea3499bdc22aa4da4e339365f215,2,2,222.74,12.668061342592592,-19.14537615740741,5.0
32fdd5d44ecb43dfd6a24b9369eca144,8,8,617.88,16.070402199074074,-16.203046875,4.375
3586b8580d9c917874e053a1bb37b5ff,36,43,2352.35,14.060716785099052,-16.310960648148143,4.441860465116279
7bcd7c5f8631701474db233ccf1c094b,11,11,860.94,14.234526909722224,-11.906885127314816,3.6363636363636362
c286ec035ee04ba81c97508f0b5df544,2,2,565.9,14.242025462962962,-8.80849537037037,2.5
17306570e772e7718c92a562d33f5f1d,26,29,8495.18,13.375103339947092,-9.908719411375662,3.689655172413793
9c690ceacd5c66731bf443ea810195cb,10,12,1121.0200000000002,7.378122106481482,-16.631281828703703,4.416666666666667
fcdd820084f17e9982427971e4e9d47f,16,27,5665.740000000001,11.072314814814812,-19.532280521262003,3.259259259259259
e5cbe890e679490127e9a390b46bbd20,2,2,937.71,5.923854166666666,-13.688460648148148,4.5
a08692680c77d30a0b4280da5df01c5a,6,17,2660.9100000000008,11.04900258714597,-8.364905364923748,5.0
f44b6f775a2b390380e0e30b5c9d3eee,10,10,3188.24,8.694234953703704,-11.535689814814816,4.9
e603cf3fec55f8697c9059638d6c8eb5,8,11,482.47,6.657634259259259,-23.605258101851852,4.454545454545454
57c764b4a836300be881e2ff86e449f9,29,30,1681.1100000000001,15.504146711366538,-8.785878033205618,4.172413793103448
dcf3755cefcdc158ad0b7bdde51e871b,3,3,359.03000000000003,13.252658179012348,-13.715883487654319,4.0
ff314fa6033cc68ec451c47aee2d6ba4,2,2,570.3399999999999,10.687337962962962,-19.78527777777778,5.0
f021c962aaba8ef6eb527a9c2c8394d1,3,3,1595.46,8.581558641975308,-12.65005787037037,5.0
d1b9d4be4b6f9ebd85f8acd6745ba612,11,11,1348.53,10.813234427609428,-17.028941498316495,4.181818181818182
112453736dbe3889cfb74e1aaa0ba0c1,7,14,2154.7700000000004,13.670192625661375,-7.468445767195767,4.071428571428571
c9e5ad1f6647f5dbd1172adf6ae3cada,4,4,319.98,9.24521701388889,-21.908993055555555,4.75
26af45f5dfd967225a832838aa4e24a3,10,11,771.6100000000001,9.170877525252527,-13.036455176767676,4.181818181818182
5236605f4d4b0b3e4df85b850393fca0,5,5,347.48,10.49249537037037,-5.193824074074074,4.8
76623fde66e6b63b59440fd34160512d,3,3,88.74000000000001,3.3888425925925922,-12.632060185185187,4.0
b44dbfbf62e52125f3c15d230569ea91,4,8,699.06,4.566316550925926,-8.329346064814816,4.375
8ca5b19e0263150d2c57afdde2b3d011,3,4,224.68000000000004,5.376125578703704,-10.675928819444445,4.75
ef728fa1f17436c91ed1ccd03dcf9631,3,4,186.82,4.545859375,-9.249707754629629,4.0
bbf4a892cac7b82422baa711dffb8997,1,1,105.34,3.0054398148148147,-28.51152777777778,5.0
6f1a1263039c76e68f40a8e536b1da6a,4,7,356.84,25.07654861111111,7.200962962962963,2.142857142857143
515d781150feed28a6ac091bb0e3cb8c,6,6,1154.72,9.780329861111111,-23.598584104938272,4.166666666666667
980640c45d7a4635885491d077167e4d,14,14,1246.6599999999999,7.608943452380954,-9.597276785714286,4.642857142857143
f2336e113377dd21c744d9c4fc8293a9,1,1,132.27,14.210983796296295,-12.418182870370371,3.0
d4d99b60c4c94cd35acd502cec65dc8d,1,1,87.29,19.08181712962963,-34.408483796296295,3.0
52092ddbd3a58c450a4459bf051b2287,6,6,427.05,12.895262345679013,-11.095829475308642,4.333333333333333
c79151301b9d90985d1fa52879213105,4,8,453.11000000000007,8.649183201058202,-20.53097056878307,4.375
713e3a23ca5e47786eb6f0d99f94cfac,4,4,1213.03,10.09562210648148,-19.37037326388889,4.75
ac9b01377919cdbd2a1bbb8d5837c70b,1,1,79.44,9.7975,-29.41528935185185,3.0
191d55f7edb8524d525ed01b20fe32e8,3,3,812.8,22.529178240740745,-2.183819444444444,2.3333333333333335
b7cc6c5e001441ae8cdd5c69a480cbe4,4,4,315.23,11.878912037037036,-13.867352430555558,4.5
2f4b9d112bfa44a214bc6cef085d17c8,5,6,413.26000000000005,14.16099151234568,-25.462874228395062,4.333333333333333
a254c682cc01e119f83530446f1df9a9,6,7,809.4200000000001,15.934608134920635,-9.53666832010582,4.142857142857143
0307f7565ff85b299b6e5ef162b1b1a9,3,3,713.17,18.090810185185187,-24.367737268518518,2.0
2e7ea2aafec5835e781b21d6d1faf1f1,7,7,646.62,7.15989914021164,-4.5498015873015865,4.5
ef2fbc2b607d8492bcffe657a4645434,20,22,1333.6899999999998,6.999620260141093,-9.409345789241621,3.909090909090909
a513150f33f99a06569e9cd5c4bb889b,2,2,711.25,9.656533564814815,-14.221116898148148,4.5
07a9bc7f61396b658ddf3ac534efe44c,1,1,135.49,5.995138888888889,-4.515717592592592,3.0
f97e2b0650c2068227e1d366140eb62f,12,17,3329.0599999999995,13.092532679738564,-16.31672794117647,3.3125
48e5ee06fb2dc74df1c711a9b6dfac2a,1,3,102.30000000000001,11.242453703703704,-19.18145833333333,5.0
05aebce0b5c8f0d41b29b686f2d05fd3,2,2,120.88,6.0006712962962965,-1.8186689814814816,5.0
14f2b3587172b9db894c9bad8dab520b,2,2,330.06,14.027887731481481,-11.889890046296294,2.5
6eb94e1466490d327a09abf8f3552a50,10,10,1749.77,8.174558899176954,-9.803771862139918,4.444444444444445
762fafdaa57a532ee0119731697579dd,5,5,260.87,4.124875,-12.634708333333334,5.0
4e0d109ccfba9a1151c103049880c857,2,2,347.73,19.22804398148148,-14.857077546296296,3.0
ba6ce6de456f6c11d08c17701ba5c26f,6,7,874.51,12.060459656084657,-3.6823809523809525,3.7142857142857144
6e1862e15f33d9994bc25922a85e1efc,8,14,879.96,3.632816358024692,-19.201013695987655,4.666666666666667
4fe2f67634d00c021aa01f96b6f2d68e,2,2,118.84,10.984953703703702,-20.172366898148148,5.0
86bf77bdb52e615674772d5817c6212f,4,5,379.37999999999994,7.609092592592591,-14.352627314814816,4.8
8fd3b4468f6425810648177996c14cbd,1,1,376.57,9.97412037037037,-18.54425925925926,5.0
7d948535954aaf8c5d39db007f74372e,4,4,237.8,5.600842013888888,-8.551400462962963,3.75
c1dde11f12d05c478f5de2d7319ad3b2,1,1,19.89,3.2347337962962963,-8.005775462962964,1.0
0b0ddbc7b9d9584f442c7ac92b0ff6c9,1,1,489.83000000000004,10.016354166666666,-21.061215277777777,4.0
c8025364abeecb115431bf95c11a747f,2,2,971.28,7.962546296296296,-0.7024479166666666,4.5
01266d4c46afa519678d16a8b683d325,3,3,137.48,5.922897376543209,-8.601331018518517,5.0
94165aea8a35c3c21499cbcae239b16c,1,1,196.11,6.158113425925926,-12.091087962962964,2.0
a56e351445e5863fc8960640ba9190c7,3,4,825.98,9.26288773148148,-7.780431134259259,4.25
c7bb64409aa480bb7d0335faaaf3d242,4,4,165.16,5.8790914351851855,-16.950931712962962,2.25
5a4236931428800e9d9cc04af0987118,1,3,90.66,3.981076388888889,-12.37732638888889,5.0
9485a23c0430ba1d58d359391606fce6,5,5,1195.15,13.413342013888887,-7.35771412037037,3.2
48e954b2da4f6a750c844173b347ed40,2,6,556.81,8.073246527777778,-28.111199845679014,4.166666666666667
bb2afe2061d53c6968aa0cffa233a8ec,5,6,644.02,4.69764274691358,-9.913622685185187,4.833333333333333
39a5005f2605cbdb4f9ac14485cabfd1,2,7,516.95,11.297281746031747,-12.258979828042325,5.0
9cea4682e16655f7da87f406902e989e,4,9,219.22999999999996,8.91043467078189,-22.080645576131687,2.3333333333333335
1a6245add4353f18ed55138808906979,1,1,39.34,,,1.0
253c025bab43881055aeecde5e2d8b77,2,2,124.33,16.56265625,-6.271886574074074,4.5
8c91bfea4263b8fba54081460693e2a1,2,2,785.75,12.129247685185184,-17.568310185185187,5.0
e0b162a693bc7f9eab00f783a31d60ea,1,1,49.69,11.088877314814814,-12.359861111111112,5.0
24c1de8d9551c0b4fbc53317d53efda8,1,1,412.12,12.779282407407408,-22.441875,5.0
2c9005d8043aff18b8557ffb7b13cda4,1,1,129.64000000000001,7.852303240740741,-7.2723148148148145,5.0
1f867308a0ce13133a4e639ff4de0c02,7,13,1084.9199999999998,10.371266025641027,-16.938086716524218,4.538461538461538
77dcbb67ccb3659bd58eaf5661560a30,1,1,40.05,,,1.0
60ad151920c4f6f3ebbe8cfdf6166779,2,2,150.67000000000002,,,1.0
b7d5b4b87af9d42b601865d3f3810bff,1,1,370.69,8.628703703703703,-20.587025462962963,3.0
d8b8f2cf9ff6ba0389072541cb42498c,1,1,169.01,12.159155092592592,-16.38957175925926,5.0
a13aaf2d2886ab9fb30fb9a920160b8f,4,4,1085.83,9.351059027777778,-5.9266579861111115,4.5
41958cbd3335433c8740300e8cd600d5,1,1,40.38,4.842789351851851,-10.350046296296297,5.0
dd9661d3cda1e6feb237f0c4d8b26f2e,1,1,190.98,18.19785879629629,-10.413263888888888,5.0
f1fdf2d13186575751aa25876536d85c,1,1,34.59,6.141400462962963,-5.955925925925926,5.0
1fddcb7b326905d3ad5efe82187db347,1,1,105.22,,,1.0
7963e546f34e098b578f9ad102494601,1,1,82.22,18.14728009259259,-7.089247685185185,5.0
3d290fe363c60a77498c1126fd3fb8d3,3,3,234.04,7.46141975308642,-12.145605709876543,4.333333333333333
83d458c0d6d4f94295d63f091460bd60,1,1,105.74000000000001,,,5.0
d85efbc8eff2b7adf524e2820569adc8,1,1,63.29,2.9467476851851853,-8.10226851851852,5.0
fa18c782a4866d313cadab567097f8f1,1,1,78.64,,,1.0
344223b2a90784f64136a8a5da012e7f,1,1,27.689999999999998,32.62399305555556,0.5481018518518519,2.0
1e47d8b6546eb3a77b1acddcc9406242,1,1,166.71,35.49399305555556,-10.131041666666668,1.0
880ce4951cf857ab1d9e0b75c1d856f4,1,1,197.72,15.04616898148148,-18.074270833333333,5.0
d180e07dc1e58c31c3f0cd599dc4d945,1,1,72.96,7.997523148148148,-15.413298611111111,3.0
05feb94f19d094d4b0f9281f0b1d4c99,0,0,,,,
c747d5b92c7648417faea95d36d763e8,0,0,,,,
cf8ab1616079e2793aa29d524df01bb1,0,0,,,,
d7827b2af99326a03b0ed9c7a24db0d3,0,0,,,,
6fa9202c10491e472dffd59a3e82b2a3,0,0,,,,
9d7a1d34a5052409006425275ba1c2b4,13,16,1331.8699999999994,12.984201388888888,-11.563583622685183,3.75
7040e82f899a04d1b434b795a43b4617,212,228,12955.980000000003,10.244739972595923,-9.7079601083707,3.528888888888889
a416b6a846a11724393025641d4edd5e,159,178,26214.189999999995,12.492307187968317,-9.982679966816525,4.168539325842697
41b39e28db005d9731d9d485a83b4c38,195,231,21042.91000000001,12.488878352848378,-17.754425707938882,4.103896103896104
77530e9772f57a62c906e1c21538ab82,319,388,54696.460000000036,15.072096582602363,-10.205928728070164,4.046632124352332
92eb0f42c21942b6552362b9b114707d,341,365,11492.67000000001,13.478276950134495,-9.726196235516246,3.930939226519337
7a67c85e85bb2ce8582c35f2203ad736,1160,1171,162648.37999999998,11.170943562610221,-11.160568793089618,4.235800344234079
b2ba3715d723d245138f291a6fe42594,327,353,50549.74999999996,13.930283939270138,-9.335067163671017,4.128205128205129
955fee9216a65b617aa5c0531780ce60,1273,1485,153809.36999999962,10.672000188802562,-9.648872896199846,4.05091649694501
058fd0aa2bfdb2274e05e1ae971dabb6,61,64,8555.800000000003,10.220733575837746,-11.118731812169313,4.375
fa40cc5b934574b62717c68f3d678b6d,307,340,20586.770000000008,11.200961884547757,-10.687420767392025,4.437869822485207
8444e55c1f13cd5c179851e5ca5ebd00,96,106,22332.770000000008,20.97363344089038,-20.98700640665918,3.1320754716981134
a1043bafd471dff536d0c462352beb48,664,713,119870.32000000007,13.38599658431781,-11.726856142241374,4.204225352112676
cab85505710c7cb9b720bceb52b01cee,206,209,14295.24000000002,10.180050494734937,-15.073805147058811,4.288461538461538
bd0389da23d89b726abf911cccc54596,87,90,9128.47,13.493771219135803,-11.80975964506173,4.2
81f89e42267213cb94da7ddc301651da,46,52,4721.180000000002,7.642944043803419,-9.049475382834759,3.5384615384615383
aac29b1b99776be73c3049939652091d,97,137,9149.330000000004,14.351629718660961,-10.857840722934485,3.923076923076923
602044f2c16190c2c6e45eb35c2e21cb,50,57,4677.440000000001,15.828208543771048,-7.4329017255892245,2.892857142857143
59b22a78efb79a4797979612b885db36,110,118,24355.289999999997,11.522420060420586,-10.155944758317638,3.9914529914529915
e48cc16ab70bfa09e1401740dce0b3d7,14,17,1411.1299999999999,14.658911356209146,-9.584827069716777,3.235294117647059
da8622b14eb17ae2831f4ac5b9dab84a,1312,1548,184272.25999999966,11.144220866295113,-10.524763192197044,4.066796368352788
669ae81880e08f269a64487cfb287169,162,186,16621.460000000006,11.985483858858862,-13.637100663163173,4.135135135135135
4c8b8048e33af2bf94f2eb547746a916,23,27,2458.81,19.070086553945256,-3.305494665861514,3.111111111111111
834f3294fba9f932f56edc879193f925,46,46,29750.140000000014,12.656021537842188,-8.031376811594201,4.608695652173913
1900267e848ceeba8fa32d80c1a5f5a8,411,529,33120.59,12.795229091424105,-9.400101975780746,3.8502879078694816
8f2ce03f928b567e3d56181ae20ae952,153,175,25550.010000000013,14.37830163921188,-8.994448010874246,4.063218390804598
d2374cbcbb3ca4ab1086534108cc3ab7,523,630,30479.019999999924,14.302776543708482,-14.780173592413103,3.6832797427652735
3afc536624bc2e65bddfb5db33cc01f3,6,6,419.07000000000005,9.890516975308643,-8.926670524691358,3.5
98dac6635aee4995d501a3972e047414,91,195,6675.369999999991,8.496727095516563,-11.007073464912274,3.8756476683937824
48162d548f5b1b11b9d29d1e01f75a61,65,86,19668.100000000002,11.357934441137568,-11.839096395502647,3.7790697674418605
080199a181c46c657dc5aa235411be3b,79,83,15544.880000000003,8.108475011155734,-8.926005271084339,4.609756097560975
478bfe564db21eeb44386606aa30b650,3,3,230.8,13.974162808641973,-12.813094135802467,4.666666666666667
1b8356dabde1d35e17cef975c3f82730,56,61,4413.61,10.25928761574074,-13.617558834876542,4.081967213114754
7357b52d27cbaa90f81a96cbc1279396,12,12,1545.83,9.85083236882716,-8.498123070987655,4.333333333333333
fc906263ca5083d09dce42fe02247800,114,119,6383.28,9.348499525166188,-14.130233064260837,4.352941176470588
2059c39f76271d4ca3f15b5ffaccc8b8,12,12,791.2899999999998,9.58592303240741,-12.757415123456788,4.5
58f1a6197ed863543e0136bdedb3fce2,44,45,7903.6900000000005,10.38838851205857,-14.699239610249789,4.155555555555556
fd386aa7bed2af3c7035c65506c9b4a3,69,76,3316.170000000001,8.330300469054583,-8.9379088998538,4.355263157894737
b1fc4f64df5a0e8b6913ab38803c57a9,107,121,10140.990000000007,15.732350589225584,-9.036462063820018,3.7815126050420167
75d34ebb1bd0bd7dde40dd507b8169c3,60,70,14914.430000000004,16.07169672470979,-16.223579671089006,3.857142857142857
81a1104df0f08b59c68aa5b03cfe398e,71,71,9749.280000000004,12.273573578042324,-13.537140873015872,4.36231884057971
00ee68308b45bc5e2660cd833c3f81cc,134,171,23092.63999999999,9.18587692224388,-10.1304867202729,4.323529411764706
e5a38146df062edaf55c38afa99e42dc,121,125,17254.590000000007,12.232246023745516,-9.927878210872162,3.943548387096774
13c2ed7698b3ca92dad49e849219da59,8,9,653.29,11.545720164609056,-9.1917862654321,4.444444444444445
7c5b05cbdb5542049f38d90d7815b97d,22,24,1345.46,7.815173611111109,-11.605926429146539,4.416666666666667
c4f7fee5b0db50e87766f5a4d1b1b758,4,4,524.94,10.672803819444447,-16.07116898148148,3.75
e882b2a25a10b9c057cc49695f222c19,28,29,10476.769999999999,8.787461685823754,-17.522890325670495,4.517241379310345
9c1c0c36cd23c20897e473901a8fb149,6,7,717.04,5.780507605820106,-7.108834325396825,5.0
b8114f2f589a6804810f04f99b36b498,8,11,1692.0299999999997,5.398903619528619,-10.546150042087543,4.7272727272727275
2c4c47cb51acd5ea5db5e0ae0e26542a,12,15,2917.3699999999994,10.8107237654321,-12.673374999999998,4.6
06df0c10d34e459d9672bc77388742eb,26,30,9595.769999999999,9.701925925925925,-13.962750771604938,4.366666666666666
343e716476e3748b069f980efbaa294e,17,24,1234.6999999999998,15.760446356682769,-14.95499698067633,4.0
a435b009cd956ea60748b5cfbddf2e24,3,3,406.39,30.40936342592593,3.1874074074074064,4.333333333333333
198c7ea11960a9844b544d9bcdca860c,25,25,2225.3799999999997,14.513364814814816,-10.203111111111113,3.88
15aac934c58d886785ac1b17953ea898,23,23,2256.0499999999997,12.356332024959745,-10.456827194041866,4.391304347826087
d66c11a9572221d92fbb8c4897db5f9b,16,16,1164.38,8.548737702546296,-10.595239438657408,4.5625
08084d990eb3f53af056ccbc1730c8a7,12,12,606.7900000000001,8.503523341049384,-14.991222993827163,4.454545454545454
0951a6e282947e09cd47969f4ed0b47f,7,7,580.32,4.719513888888889,-7.330393518518519,4.857142857142857
11742f81550ac064cc9a40f67151d9ad,2,2,831.01,9.095063657407408,-4.203096064814815,5.0
7aa538dd6e114e503a2e6154ea352253,5,5,1118.6,8.87823611111111,-10.824868055555553,4.4
c33847515fa6305ce6feb1e818569f13,109,123,18827.620000000006,9.474174194519724,-14.665327367509786,3.6747967479674797
5275ca25d0358ca73864e0ae41be1320,4,4,478.82000000000005,7.039756944444444,-2.541837384259259,4.75
4ddeb3e828550cddc8d45c8bc36ab2d1,1,1,164.45,7.869930555555555,-10.616608796296296,5.0
1da366cade6d8276e7d8beea7af5d4bf,36,41,3524.87,16.54323283649503,-7.073639622854562,4.0
e6a69c4a27dfdd98ffe5aa757ad744bc,24,29,2518.940000000001,10.266317934782608,-15.318122987117556,3.6206896551724137
ffa6adafb71b807dc13159e26431354c,17,17,2781.94,9.799054542824075,-11.737452256944444,3.7058823529411766
70eea00b476a314817cefde4aad4f89a,102,108,24757.229999999992,13.356082285115308,-11.576523737770792,4.320754716981132
2e1a7d075abe038c1b2743005fe42ff1,19,23,1750.5500000000002,14.954498106060607,-5.3692319023569,3.6956521739130435
0ff83046c3fa22efee8ecf291888b191,10,11,1023.38,12.322455808080809,-16.533074494949492,4.818181818181818
134a288e7de827ec5ec62e3ec9c3a295,9,9,1004.0,9.450118312757203,-10.154197530864197,4.777777777777778
fa1a9dec3a9940c072684a46728bf1fc,55,60,7875.71,14.58622762345679,-14.329981481481484,3.983050847457627
abe42c5d03695b4257b5c6cbf4e6784e,50,50,18158.230000000003,14.357426303854874,-8.628012566137565,3.9183673469387754
05a940b4ecae36cadfd8e93bd9c43257,10,10,1148.9399999999998,14.254607767489713,-14.193740997942388,3.9
daf565f087a52def0fd5c5825b3661bc,8,8,954.0899999999999,9.179631076388889,-18.03802083333333,4.0
679769a98cfcc6da877c8486ff1c13f3,21,21,7467.389999999999,9.536956018518516,-15.01294808201058,4.571428571428571
1976a05ecf2996d6ffb7b5430e635fe7,6,7,924.77,15.398042328042328,-8.646722883597885,4.285714285714286
a425f92c199eb576938df686728acd20,17,19,1474.7499999999998,17.333496656378603,-13.958496013374484,4.368421052631579
b586cd24c010a13916af621b0325fbba,6,7,1372.93,5.1057208994708985,-14.030044642857145,3.857142857142857
3076499bbc033a927bf4a8a41bcf7fd4,7,9,483.63,7.121721965020577,-9.0132137345679,4.444444444444445
0e982cff76cc0579f632cea8a0e38c9d,7,12,1480.31,8.335092592592591,-11.501340939153438,3.25
253f95b3a0e6983ae18aed49fbc2b845,5,5,890.9399999999999,9.206965277777776,-13.266921296296294,4.4
5d9dc90a686a8fddacffab6bab5653a3,11,11,779.92,8.930695496632994,-9.176545664983164,4.181818181818182
30a81d8cf85fb2ada1b1b094c9583a95,17,20,1413.52,4.025205439814815,-7.0066145833333335,4.85
0eaa7e33d73809f1f925f7d07c506cbd,15,15,1746.9,5.9037654320987665,-14.114783179012345,4.714285714285714
f92d8c817434bd2d84d4e9c61322b7fa,5,5,225.61,8.325504629629629,-8.433150462962963,4.6
89a51f50b8095ea78d5768f34c13a76f,10,11,854.2600000000001,7.4841866582491585,-11.805922769360269,4.7272727272727275
a36b125ac6d5fdbc7f50de85c9157bdc,24,26,2232.63,12.929280092592593,-9.90206851851852,4.038461538461538
2f4b0d3b9634b647d4edee577d7ebb7e,10,11,422.31000000000006,6.5109196127946145,-7.1298758417508425,4.909090909090909
da6a60cc8cc724fe51be021ff8be779c,12,13,984.5799999999999,7.7056160968660965,-13.31508368945869,4.769230769230769
70126eecc6aa1274392a1743866e9678,3,3,144.74,5.5894405864197525,-11.470173611111113,5.0
0e44d110fa6a54e121cb2c095a77762f,6,6,293.38,12.001626157407408,-6.673611111111111,4.333333333333333
83645b1645cdee8953ee54c29ceed564,14,14,1245.1000000000001,10.400109126984125,-13.246287202380952,4.428571428571429
a2fa0bdc798ee84cdb08281337cf4fb6,10,13,611.0200000000002,19.99129208754209,-6.126130050505051,4.230769230769231
af4a0e4cfe1d9c26b6712b1be25a72e5,19,23,6239.310000000001,12.508220611916265,-12.75702194041868,3.4782608695652173
ad97a199236354e53fcd91a5a913e9a2,7,7,3945.36,17.07664351851852,-10.215945767195768,4.142857142857143
ec4608a1f76453166bb312b2968aeaf4,18,35,2121.3600000000006,14.118924808429115,-6.662975734355045,2.6857142857142855
26d8a1c7c75d513045798992ead43aa2,35,37,6762.63,12.47663676697531,-11.79114904835391,4.243243243243243
f9ec7093df3a7b346b7bcf7864069ca3,9,9,638.1300000000001,6.317723765432099,-6.970219907407408,4.777777777777778
ec933281fb017b5020d06df29c3f77e8,8,8,1662.85,9.476841724537039,-12.67357494212963,5.0
9c068d10aca38e85c50202e17b4a7e88,17,17,3108.8300000000004,16.52933142701525,-12.761653050108933,4.125
03a2a6dcbe45d639c4dc2a0d24769c40,9,9,1250.6599999999999,10.447157921810701,-11.9935558127572,4.111111111111111
32b8764b4ef628b53608fc34011fcc13,14,16,3958.5100000000007,11.64613208912037,-12.115360243055555,4.3125
b4b447d715f9ab302a188fb43d3e96b3,5,5,779.6600000000001,3.623861111111111,-5.815983796296297,4.8
98dddbc4601dd4443ca174359b237166,2,2,211.67,8.23082175925926,-9.695104166666667,5.0
a37c340b91cb0169e8b029db6440fba2,5,5,439.95000000000005,11.123074074074074,-11.65300462962963,4.8
9a84ba99f5367fdbd4598363496f1ea2,14,14,1198.4,10.440262642450143,-21.22830217236467,3.5
41b86b552e54e3a7009596125aa8b167,10,11,1829.9100000000003,15.680195707070704,-17.337878787878786,4.363636363636363
91f5779a8731baca4809fdeade81803f,4,4,379.22999999999996,15.799464699074075,-15.941571180555556,3.25
53088c75f948b48a7ece173ac17f0c12,3,3,316.23,10.963942901234569,-12.971998456790123,5.0
cc80e2f693fa6e2408f47ccf62413fc1,2,2,508.63,14.152598379629628,-16.12474537037037,4.0
9140bd1d9de28b197dce077bdd687438,5,7,1061.6100000000001,5.067934854497354,-5.9021858465608465,4.142857142857143
5882820ef11c4c068eea0677a7a879b4,6,6,924.0500000000001,12.401356095679013,-16.510391589506174,4.2
4e326052e5dbba8adcd512f3450a307e,3,6,655.9599999999999,19.841226851851854,-11.583570601851852,1.6666666666666667
c6a7539d424a8402232c2228d7a03c5e,10,15,1001.3200000000002,13.753043981481479,-10.00884413580247,2.6
8fff28c4263ddec387f28d237fb42773,4,6,421.68000000000006,7.907699652777778,-4.484510995370371,3.6666666666666665
700f03c207639c22d933381ff60b35c2,3,3,868.8700000000001,27.974193672839505,-3.3784452160493825,3.6666666666666665
160e4f13fd3a64b1b86807be88b5ffb0,4,4,980.45,14.298266782407406,-14.590185185185184,4.25
941554c5757b73ba0e50aa7732310afc,3,4,166.35,7.5560937500000005,-22.984210069444444,4.5
e250d617a0ad591ba9bd663e584a895d,8,20,1204.9100000000003,8.093307870370372,-13.74835127314815,2.8
933446e9a59dece7ae9175103820ca8f,2,3,438.84999999999997,24.027141203703703,-65.32210648148148,2.3333333333333335
5b33b527da3c5b969cc99dc435cad09a,16,17,2238.34,12.780727805010894,-13.288274101307186,4.117647058823529
262237171f48e85819065498cac80d7b,4,10,749.0,8.981194444444446,-10.707671296296294,4.3
1967a9e2ad6f51802b093147d861df58,2,2,425.76,,,1.0
1284de4ae8aa26997e748c851557cf0e,2,2,757.8,15.557951388888888,-9.807366898148146,3.0
7d294cf9a6a69dc6a0c3e540fff0e039,5,5,451.38,8.816810185185187,-17.07190277777778,4.4
5d76d80a2f5f39c891b996a1bf4c9853,6,6,1409.75,10.233966049382717,-9.732384259259259,4.833333333333333
cfa5ab0e4d3fc212fd0b3410e7081c62,7,12,2326.1000000000004,14.977731481481477,-14.074822530864196,3.6666666666666665
bba8d0c234a52b87b3957037a215d1a4,1,1,139.53,23.839618055555555,-9.351944444444444,5.0
da3fede3469bf49b7293ce3fc45b294d,1,1,57.69,11.242916666666666,-7.002199074074074,5.0
5a05a16bb50629ee31afab8a6d4c2674,14,15,1075.48,6.990898148148148,-11.264357253086418,4.0
47648caee88ccfe951fbb27fbf7b4cbe,3,3,1632.9900000000002,13.720875771604938,-5.226138117283951,3.6666666666666665
ebef8d8c92b4fd3226e5d407bbff21ac,3,3,302.06000000000006,40.117268518518514,13.25207947530864,2.6666666666666665
a81466620e46a6970b22ef40379fdfc9,2,2,354.78,7.190133101851853,-16.29453703703704,5.0
2fdde51ad3e12f297da656d4fbd5d0b5,6,6,2599.51,15.20224151234568,-16.231593364197533,4.833333333333333
dd8a29ce82d5c705ba932d81494600a5,2,2,233.25,8.930642361111111,-9.285034722222221,3.5
98f52e1020fe788c10c0418de4393fec,1,1,36.7,9.267129629629627,-12.096423611111112,4.0
1352e06ae67b410cdae0b2a22361167b,4,4,765.22,34.307094907407404,3.0939814814814817,2.3333333333333335
101a3a003516bc11253298b2fad3cb65,5,6,524.0,6.880599922839507,-7.08955825617284,4.833333333333333
11938fcc75f6902fea1d0a6f72b54a57,1,1,362.41,10.898356481481482,-40.12600694444444,1.0
5f06030071324cc52bf0304014ac7234,4,4,884.31,10.357387152777777,-13.44962673611111,4.0
b7e1750c1157341d2abd0251e07c186b,3,4,220.56,9.544210069444444,-18.630813078703703,4.5
90d4125885ab6c86e8820a722be71974,3,5,1342.9500000000003,,,1.0
128f9bfbe4c7d5185033914b1de3d39a,13,15,1519.3699999999997,12.833652006172837,-12.82500077160494,4.8
a806a4bb063ea7ca6d374eafa50a6058,5,6,405.27,12.33940586419753,-21.716350308641978,3.8333333333333335
db1f0f7c7e5e87f40b62226f020bb297,3,3,123.72999999999999,9.605447530864199,-32.38476466049383,4.666666666666667
7d484ca289afaac6bf5fc6a1e96d2226,2,2,248.42000000000002,12.156967592592594,-1.6479050925925929,4.0
f0ec78809fe0bc3edb11c9fe5b97b059,2,2,86.25999999999999,9.34699074074074,-9.11907986111111,4.0
8dfbc5ff27df12f6cef751d3b9554222,4,4,316.12,10.066796875000001,-12.019528356481484,4.5
33fd411ed63a7c2f9005e3f065d9f85d,1,1,43.129999999999995,8.134837962962964,-24.37056712962963,4.0
89d9a386b0b6e5fc8403071b03f7206a,2,5,235.25,13.628557870370372,-16.91539351851852,3.4
48b6c3f4c6a93171da04b75313f2130f,2,2,328.05999999999995,24.125260416666666,-8.226244212962962,5.0
5587130f9850696ed7fafbc91c2cee44,2,2,103.49,6.5392013888888885,-9.890925925925927,5.0
37303482a42fb700d8d127e70a9cd6c8,2,2,171.38,2.051712962962963,-14.328217592592592,3.0
3dfd3dc96f7f8598eca74e9ac8a2fa31,6,6,258.7,12.230414737654321,-9.630144675925926,4.0
913fd0ebba70bb919f7254a02239173c,1,1,179.12,13.430914351851852,-7.306354166666667,1.0
9996ae921c50e8dff411ac69c0b4bb8b,2,3,73.37,16.56861111111111,-4.704043209876543,2.3333333333333335
dbdd0ec73a4817971d962698f2fea022,3,3,1386.21,4.1628896604938275,-16.558684413580245,5.0
15ead3a5037a918ddb520dfe39a3d2b9,7,8,433.95,18.74991071428571,-5.6842675264550255,4.375
fc5a0d7a310a7a41abf86a458585ff2b,2,2,190.16,13.929652777777775,-18.37981481481481,2.5
365e4bce19bda0082c3d15d83fdb8bcd,6,7,895.02,11.48213955026455,-11.744446097883598,4.714285714285714
2a50b7ee5aebecc6fd0ff9784a4747d6,1,2,264.24,39.73696759259259,17.64377314814815,1.0
2b3b9ce054da76a7428df143a567b156,5,6,363.28000000000003,7.049924768518519,-16.97046875,3.1666666666666665
a4b8d97cd5d3674eeff96abc99d8ed67,1,1,233.38000000000002,6.10394675925926,-15.384918981481482,1.0
3f84fefc07dc159b268d4a77d3e8c425,3,3,251.92000000000002,8.068271604938273,-19.979047067901234,5.0
e88165a185134e13fdfc85d4fa654db8,2,2,149.22,9.153582175925926,0.7872280092592594,3.0
cad9969167c09b48ae6f1d123f7fa68d,2,2,70.18,3.389236111111111,-10.155011574074074,3.0
a3082f442524a1be452e3189e003b361,3,4,399.25,12.446550925925926,-11.553356481481483,4.25
3d2400ac620cffa23ac81bd192f7f555,1,1,113.9,7.352754629629629,-0.0805208333333333,5.0
bbd3acfe6de99892e73940d3fdceaf68,2,2,93.55000000000001,3.295758101851852,-7.150225694444444,3.0
13e85aac53340018b40c2af68001b7e0,1,1,31.92,17.718125,-34.33631944444444,5.0
a7d0f8dd44f57ef6de7f7f02e3d82630,2,2,99.67,6.127939814814814,-10.194091435185184,4.5
76de363de16dacc923eec8daf91df504,2,2,410.41999999999996,13.318443287037038,-14.120885416666667,2.5
385799a1cddbd26dfeb9157356a42282,5,7,716.54,6.586275077160494,-14.18638888888889,4.285714285714286
72146da5774cabf2632faedcae097a76,4,6,311.43,27.301358024691357,-3.7442997685185184,4.333333333333333
3d62f86afa7c73be2628a3be1423f5a0,2,2,54.42,16.73105902777778,-20.367679398148148,4.0
804287717b9156fb7a787acd9af4fac1,1,1,33.9,9.156145833333332,-26.35141203703704,5.0
5d505d2298ad549e4e4e835562fa0c1e,2,2,278.14,5.899982638888889,-16.42679398148148,5.0
85e7c62c1d6ea078c3897424f867a7c8,2,2,87.7,7.850451388888889,-19.887552083333333,4.5
a213f1bd6458f4a158f3746cb2514559,1,1,55.95,8.3459375,-25.97332175925926,5.0
544863df86ed3b78a04e0820d41430ee,1,1,39.17,5.5005902777777775,-17.06775462962963,5.0
0b09101900100c0e9d312861fad5a1b9,1,1,168.36,18.53783564814815,-60.83766203703704,4.0
eb9cd5b35d95206585e2185318cb5c61,2,3,611.55,16.94048611111111,-5.895293209876544,2.3333333333333335
4a5b36211b1f51bf7eaa5c10a57fa483,1,1,155.26,4.035162037037037,-7.075347222222222,5.0
f26d70155c2b6326fcfa1780c8c684e4,1,1,219.06,8.901666666666667,-12.396875,5.0
b86a47b3366e3b5424a7b225781f4908,1,1,106.35,14.259398148148149,-13.322743055555556,3.0
740205fedfe4e90ca6857bc77db0f2b4,1,1,251.83,3.4825694444444446,-30.385925925925925,5.0
97e50a621f8e801f4baf69e08687c192,1,1,97.78,9.45449074074074,-4.271516203703704,5.0
ffcfefa19b08742c5d315f2791395ee5,1,1,79.52000000000001,,,1.0
8629a7efec1aab257e58cda559f03ba7,1,1,64.11,59.22667824074074,33.807858796296294,1.0
f3975e8a41157005d4bcbb358678cd9b,2,2,262.78,8.65745949074074,-4.703454861111111,5.0
52bb00821bcdd358a5a5a27e1f6be5a1,2,2,388.43,15.994728009259259,-8.21310763888889,4.5
fe9d9cf8631285d5982c6e2cf27fb114,1,1,93.54,4.90292824074074,-13.181296296296296,4.0
86649b1632b1c0e6c0bcb2c90a8b75d8,1,1,77.66,,,1.0
79b93a308a97792cf53ac75f46da00b5,1,1,116.04,22.51516203703704,-2.063298611111111,5.0
9bf11dfc0bec77e5a23028043c3c5a8f,1,1,132.06,31.544166666666666,12.48644675925926,1.0
8b181ee5518df84f18f4e1a43fe07923,1,1,54.98,14.560891203703704,-21.04945601851852,5.0
4e2627090e6e5b9fabba883a37897683,2,5,267.62,3.97537037037037,-13.121689814814816,1.0
e1c76f339ebd5460999f25a2aa8c92c5,0,0,,,,
a9415cf907dfa12f9ed18693244f5329,0,0,,,,
f62d7bb4a613ec758a03342d46b580b2,0,0,,,,
377bc18334c78dd2f1535ef22a3ad225,0,0,,,,
8fb791022c1fc8909664f48ab7dc636d,0,0,,,,
8e670472e453ba34a379331513d6aab1,0,0,,,,
4bf658053d453036c70976bccb2c31b2,0,0,,,,
5d378b73ab7dd6f0418d743e5dcb0bd1,0,0,,,,
8cbac7e12637ed9cffa18c7875207478,67,82,4654.349999999999,13.53819973136717,-13.369717078189302,4.146341463414634
1554a68530182680ad5c8b042c3ab563,239,261,33256.47000000002,14.028964276776769,-13.033268312955807,4.239382239382239
a3e9a2c700480d9bb01fba070ba80a0e,128,142,15734.239999999998,13.225569263856052,-9.391447498029946,4.0
e8b4225284fbb02d16f200513f1f395d,28,28,6196.82,9.991570216049386,-12.840807613168723,4.25
4869f7a5dfa277a7dca6462dcf3b52b2,1104,1128,229185.42999999988,14.946494872716158,-10.449279340948879,4.11875
634964b17796e64304cadf1ad3050fb7,268,326,45420.529999999955,14.504255389290211,-9.623102640178871,3.8584615384615386
8648b1e89e9b349e32d3741b30ec737e,95,103,8946.05,9.249412731481481,-11.235267476851847,4.029126213592233
cca3071e3e9bb7d12640c9fbe2301306,703,821,75528.89999999998,14.287954253758693,-14.60132008904015,3.8493150684931505
4e06067cc08b3f41d837768d392c3ee3,31,46,1514.2499999999998,9.793098329307572,-13.780181411030595,4.173913043478261
b33e7c55446eabf8fe1a42d037ac7d6d,146,149,43356.17999999999,16.37564370877727,-10.476243261669204,4.140939597315437
2156f2671501a81034d7d07f217609d0,22,22,3433.8899999999994,15.281910824514991,-5.810611221340387,3.8636363636363638
a673821011d0cec28146ea42f5ab767f,126,143,15854.070000000003,12.628498221953839,-8.518202579844333,3.8518518518518516
392353362d22cc2c236e1ee81ff19890,5,10,480.66999999999996,8.406233796296299,-13.866181712962964,4.6
25be943a321c8938947bdaabca979a90,5,5,907.5500000000002,3.203792438271605,-9.076033950617285,3.0
a72c2f59332659e361d647515c698798,5,6,933.93,10.038487654320988,-18.22789737654321,4.833333333333333
2dee2ce60de9709b1a24083217181a1f,54,55,9844.560000000001,14.451543560606055,-16.384010101010098,4.363636363636363
1d8dbc4f32378d715c717c1c1fc57bae,88,94,12652.270000000004,15.287040646156907,-11.306914949223417,3.9347826086956523
9616352088dcf83a7c06637f4ebf1c80,92,98,7490.5700000000015,12.479685113592973,-14.6471130441008,4.255102040816326
1bb2bdb95f4841f1bba2c0d2cd83d3c9,81,85,6149.2699999999995,12.310494477911645,-12.555553463855423,4.583333333333333
594f9aaa48e5bf431f011ddc5669b0d5,37,38,4136.41,7.881920382553607,-13.338248964424954,4.578947368421052
710e3548e02bc1d2831dfc4f1b5b14d4,130,136,25389.30999999999,14.517505566157762,-21.41431059160304,3.325925925925926
b4ffb71f0cb1b1c3d63fad021ecf93e1,144,165,9176.070000000003,9.748157393292683,-14.29657047481934,4.012121212121212
2b1a40c1daabc6ca280c4b815c101841,19,26,9603.739999999998,12.659351851851852,-12.753835358796296,3.6923076923076925
062ce95fa2ad4dfaedfc79260130565f,54,59,8572.679999999998,13.312924050127712,-12.778313577586202,3.983050847457627
2a6fbeaa7ab9e5d59a35841a8da71ce4,30,30,2265.2799999999997,14.512402777777776,-12.083522376543211,3.9310344827586206
dee656f0f566ed1aa85bd137c943f08f,93,95,7968.670000000003,12.480772754137112,-13.459265415681642,4.382978723404255
d23019c84ffae2d5ef2270367b8605fc,21,21,3294.8799999999997,8.282707782186948,-14.029421847442682,4.476190476190476
3d621842b2ed28e2b474132480edac3c,10,10,1080.7,9.898842592592592,-11.135746527777778,3.9
acb6c2ca5c82411c1fdb88d5fd5eb95e,10,11,575.4899999999999,9.944088804713806,-15.214881102693603,3.727272727272727
994f04b3718c2bab35c2adfa8afecd2a,49,57,4221.21,13.489908459595961,-7.805578493265992,4.280701754385965
542917da124346b47ea1ac79a93ce454,20,20,1667.0800000000002,11.576402777777778,-13.289794560185186,4.15
e883aa812c37a7413226856f4579fe91,26,29,4554.46,9.99561422413793,-12.28805635376756,3.896551724137931
0432ead42b6c8a0bdf68154add917fdf,85,90,8999.619999999995,8.863279320987653,-12.769929890378883,4.477777777777778
2c9e548be18521d1c43cde1c582c6de8,126,174,8603.049999999997,13.734119693523933,-6.248685699588478,3.9239766081871346
b6d44737c043328708f6749c2dbe50bd,62,80,6935.200000000002,7.913105954055319,-13.664872831692463,4.525
002100f778ceb8431b7a1020ff7ab48f,51,55,2028.16,16.192371399176952,-7.395118955761319,3.981818181818182
d03698c2efd04a549382afa6623e27fb,15,18,5766.719999999999,15.657679398148145,-16.32247620884774,4.444444444444445
13d058e4eeac2ce8217660b2f8a05812,21,21,4157.92,10.958409722222223,-9.213989583333335,4.285714285714286
17ca9b9e9b9ef8fdb529001b49ebb50f,116,129,12120.720000000001,8.056528862847223,-13.361553638599547,4.007751937984496
a938325a4b357fd23a6a4d5bb126408e,23,24,3648.290000000001,13.272090567129629,-10.276246141975308,4.0
8d46553a36e68f95350a200c12f8f2e2,13,16,969.5999999999999,17.236159511784514,-11.037252735690235,3.125
7f152321c60a266edc53af1925ef96c1,20,20,4471.92,23.46977314814815,-5.614539351851854,3.8
bd149ed516d4c5d418d5781f8e18919f,8,9,555.94,8.932146347736625,-6.623496656378601,4.888888888888889
bf3c6d2a28b2b5501e6c15448982dcc9,35,43,4648.149999999999,10.611320790267012,-11.274996500861322,4.4186046511627906
b8bc237ba3788b23da09c0f1f3a3288c,42,44,14408.629999999994,12.113601378367006,-13.394575178872055,4.395348837209302
dd55f1bb788714a40e7954c3be6df745,35,37,7701.179999999999,18.751437374874875,-8.834618055555552,3.810810810810811
7aa4334be125fcdd2ba64b3180029f14,216,239,20373.799999999992,15.976225037272433,-8.80335236189579,4.067510548523207
744dac408745240a2c2528fb1b6028f3,75,80,21172.8,11.128221108766997,-16.05318404242849,4.5625
821fb029fc6e495ca4f08a35d51e53a5,20,21,7366.62,18.3939855664488,-2.7567674291938995,3.1
c85d7b477a709c85a1e8b8f25aa1b270,1,2,107.22,,,1.0
7f7b8245c336066a1f9933c359f11d77,38,43,2630.23,7.916265342377261,-12.360678294573644,4.558139534883721
49067458c68f7701fd334ce326accbe0,17,37,1621.5000000000005,12.063711836836838,-13.36963901401401,3.324324324324324
41c2bad7229b0c25e6becf179ebf63ff,20,23,971.9199999999997,4.664837962962964,-15.253480273752013,4.956521739130435
2be17df1c49978426251562096c3cc09,16,16,2477.5499999999997,12.265654658564817,-15.444670138888887,4.1875
2a7dc43cecabf23403078e2188437d1d,52,54,5629.62,12.955495756172832,-9.540561128257888,4.092592592592593
4559697a8f7e637227c2eeaed843baff,42,42,4474.2699999999995,12.93786354463438,-11.752505935422604,4.0476190476190474
6288c69c4ce638e59925e59193f98b16,22,22,4812.480000000001,9.613747106481483,-11.442781828703703,3.9545454545454546
63a79f5a7eb5cb48a7e5787b141c7993,11,11,1015.9300000000002,6.365419823232322,-13.48786510942761,4.545454545454546
180c3376aff0e43dd5788709df48a843,2,7,465.6600000000001,13.299156746031745,-6.91411541005291,5.0
099095b050cfe8eb1ddff5317587e96e,13,16,3310.4,9.118486882716049,-12.160250771604941,2.8125
851773c885feb5e2da3b4f82bc2b17ce,10,10,837.1300000000001,16.660394675925925,-7.793101851851853,4.2
596849622429351f47b32e6cae1055ff,14,14,1265.1899999999998,5.483386752136752,-9.240332086894588,4.0
0ad80de75c811326389cfb1daba7d45e,6,6,1564.72,8.998383487654321,-11.758626543209877,5.0
b4a476fbd28de64b1e347abf9089366a,29,34,4005.2,11.699535984848486,-10.171572320426485,3.8484848484848486
365e445f796710c3431557e85caa25db,4,5,1194.3,9.717527777777779,-15.031743055555555,4.4
3092c0b297aacfb4bb6e056ebe13b9b8,19,21,1983.99,13.560105528322438,-26.270293436819173,3.5714285714285716
238fac594e170b59c6d228f5a4f4f1d9,24,25,3548.31,11.600542592592593,-9.203272685185182,4.083333333333333
b0b346d3a89f5eb4c2968af3f083cd43,11,12,826.6,23.350222479423866,3.2428896604938267,3.0833333333333335
8090490573c6c0aa343a7231ebcb8c86,25,25,3513.1300000000006,10.146216203703702,-10.680150925925926,4.16
c9aafcd0621b2207c10e32c649cada4d,44,52,3885.8999999999983,9.011922773837668,-10.559256796690304,4.019230769230769
26d6bbee02420494d471c9f6436929c0,12,13,681.7,7.9719079415954415,-9.866946225071226,4.6923076923076925
1b8b75e227c9a9c100d0c210fb6176ce,19,19,2195.6100000000006,14.996113425925927,-18.92837114197531,3.3684210526315788
64b87978a11c1ea7501a89eabe8c2c1a,7,7,591.8299999999999,,,2.0
534a01cc6df1e034e05c32028a291fa2,5,5,295.45,10.692097222222221,-7.177587962962962,4.4
38af8acfd46ac4a7bf754e8ca6736664,5,5,397.93999999999994,6.385703703703703,-13.40300462962963,4.8
79565f7d5603b24ddf07ade262547f2f,8,8,494.07000000000005,13.240676256613757,-10.515087632275131,4.0
657969cca82e884d272385ec0ef06edd,3,3,191.56,8.105501543209876,-23.597465277777776,4.666666666666667
6e0908ef4d4efadbc3cc2b74ea477cb0,8,11,750.28,11.283656355218856,-13.163176557239058,4.090909090909091
d93844a9c55ba7ce353388bcf849ea56,11,13,2950.28,15.19735933048433,-8.625136217948718,4.153846153846154
768a86e36ad6aae3d03ee3c6433d61df,17,17,767.7,5.081859340958607,-8.173312908496731,4.647058823529412
562f8cfc51f265411f487d07e9c40e7f,13,13,966.25,14.032670049857549,-7.185806623931625,4.538461538461538
c522be04e020c1e7b79f3acff36513d5,7,7,838.3,15.649359567901234,-5.6498939043209875,3.5714285714285716
c3e2398fcc7e581cda2e546557bf6968,1,1,30.130000000000003,11.83542824074074,-13.30804398148148,5.0
cd3d09fbe6e3e9ff0c0ac0c300e93ae7,12,12,880.2299999999998,11.708241705246913,-8.915965470679016,4.166666666666667
62760d278921b5f352461620d68a9cee,3,3,450.1,19.67951388888889,-13.732349537037038,3.6666666666666665
577719699805dd125d5b6fdde5943bba,8,8,1287.3600000000001,10.283478009259259,-15.564463252314813,4.375
a7b7354cc588f7566a848bcbb1ce3d96,2,2,104.87,11.876527777777778,-6.342800925925926,4.0
0336182e1b3e92f029d5354832045fdf,1,2,47.370000000000005,13.061111111111112,-41.140590277777775,2.0
88ef59b51bdaa941d10a853429f2b6ce,2,2,294.7,6.199189814814815,-17.084855324074077,2.0
07d75e33f2750d97d467fb57e4dfdd8a,1,1,38.82,10.305289351851853,-12.285636574074074,1.0
4091f77d8c768fc3e81c20761471761d,8,8,1309.87,18.03236400462963,-4.733638599537037,2.75
039b29ff3b3473435d0cd59040575de9,9,9,215.54999999999998,9.107943672839507,-9.961698816872426,4.444444444444445
9449f25aeaf531019b76999ea49a6949,10,10,2225.8399999999997,13.614467592592591,-6.869997427983539,4.0
8476243f92442881ddd5b578975cf115,7,7,3517.3900000000003,13.50684523809524,-6.084981812169312,4.571428571428571
e9874ae10b2d60d43917b6bbfa13a599,1,1,222.1,6.675798611111111,-19.46130787037037,5.0
b94cc9f10ddc85e4ba73a6f7974e7101,28,28,17434.030000000006,9.970943287037034,-11.693182870370368,4.346153846153846
33ab10be054370c254ddfcf0a6253422,4,4,265.53,5.813640046296296,-8.35511863425926,5.0
bd43e172d599bed47a85da877172ca8c,1,1,42.19,12.473587962962965,-7.547418981481481,5.0
d2e753bb80b7d4faa77483ed00edc8ca,14,15,1774.94,12.741619598765432,-14.92375462962963,3.7333333333333334
3969863bb8af7f72580b3b1ffd3a17b3,12,13,850.0199999999999,9.84073985042735,-10.836012286324786,4.0
411f3b52d857390502ee4e4d5ceabc2d,21,30,2182.72,8.472231095679014,-6.258353009259258,4.2592592592592595
cd233f8bfa30ebfd651f47ee7d054951,1,1,98.56,9.33625,-19.18570601851852,5.0
2bf6a2c1e71bbd29a4ad64e6d3c3629f,1,1,613.51,3.694942129629629,-14.993530092592591,5.0
f266295f49a28eee21f413e0cbb0521d,2,2,177.94,12.088709490740742,-8.215231481481482,4.5
fce62094ffe6a4009188ec44e681dfdd,4,11,3452.63,18.971768728956235,-11.279203493265992,3.1818181818181817
c32fc744b9160ac853450488e3cfea93,3,3,223.52,15.516493055555557,-12.208125,2.3333333333333335
c714262700f93defc16bf17a51a4cb23,4,4,491.33,10.20859375,-9.837702546296295,3.75
b18871c324516afa228a13e8f1ef0ae9,9,23,1308.3999999999994,7.4774089170692415,-10.057585044283414,3.9565217391304346
b127efdabeffb5d559349c7b172eb75d,10,10,421.27,9.848835648148148,-19.308587962962964,4.8
6806dad1da97bfb5a9038eac6881f706,10,14,1783.26,13.396617890211644,-13.22143435846561,4.071428571428571
01c97ebb5cdac52891c0ed1c37ba0012,9,12,756.0,12.708532986111111,-8.55819637345679,4.083333333333333
a61cc04793308395a840807104365121,1,1,38.37,8.368773148148149,-9.234652777777775,5.0
aae3bfea055532c57fb453ed3ec80b30,48,50,3857.1699999999996,12.442886805555556,-13.488141203703703,3.5510204081632653
2b5ed0c9139dae8883a200dfcb272ece,4,4,144.75,16.871241319444444,-4.531976273148147,4.25
ea65d8b58316a6f2362f2a9e4b3e86ad,8,15,1353.44,10.152547067901235,-5.13001774691358,3.066666666666667
acf974e4d5950ad143a247471b831eb9,5,12,753.6200000000001,13.873653549382718,-15.282298418209878,4.8
69a43819c758c65a5befb0b471c954d7,2,3,400.76,14.641141975308642,-23.620652006172843,4.0
e9e446d01bd10a97a8ffcfc4a3a20cb2,4,4,89.60999999999999,5.30483024691358,-7.5995486111111115,3.5
75a4764c108403a7a0575140cb22287c,5,9,927.05,10.045077160493829,-17.53423611111111,4.777777777777778
0761743cbffb25d7148189e9f1a5f03a,3,7,327.4,14.52374007936508,-7.259859457671958,4.285714285714286
98115075dd26cb8835946fc6086f5d30,4,4,491.20000000000005,4.25859375,-6.302462384259259,4.75
23a0ffca143a15b9b5bbdb7d552f626a,22,23,3299.76,11.314602455716587,-10.384990438808373,3.9130434782608696
7cb946b1ad19faebe28c3e86c2794ec3,1,1,40.1,18.151435185185186,-2.972581018518518,5.0
3a3e46d10f74d8a6ca76e2b538f106a0,3,6,409.98,16.03554398148148,-20.089493055555558,4.166666666666667
725af026f869236a8dd0ceb98564d156,7,8,1362.67,13.673094907407407,-26.043634259259257,3.125
a0e19590a0923cdd0614ea9427713ced,2,7,397.42,,,1.0
4a1917ef994878940e1fb03eeb787ad7,2,3,846.6199999999999,9.937395833333333,-10.452704475308641,2.6666666666666665
f0e103c63864d5405b958d984b6e94c9,11,11,1101.41,8.819280303030302,-11.294508627946128,4.7272727272727275
e4253cef933647000a82ff39c67b7bde,2,2,108.72999999999999,,,2.0
166e8f1381e09651983c38b1f6f91c11,2,2,109.0,14.728483796296295,-7.722372685185185,5.0
6c9875b2f94ba781186f0c1aed8d1687,2,4,63.050000000000004,3.681603009259259,-15.791371527777777,5.0
ed9eef5be0992d413d251fadba1a410d,3,9,547.3399999999999,10.350428240740742,-18.696761831275726,4.555555555555555
bd4431c1a8dfa744b59e1e2a8bc99b9e,6,6,763.02,7.0956423611111115,-10.524450231481483,4.5
9dd459b29a14bf89d47183cf2cd0e4c7,2,2,198.82000000000002,6.6234780092592604,-5.230966435185185,5.0
58c851d1a3c7cd3da329eb59453fed44,2,2,293.26,4.611643518518519,-10.609623842592592,5.0
9ac4f14370b1e24ddc58be041b7f99df,5,5,436.65000000000003,9.02382175925926,-14.562967592592594,4.4
a3b42d266fa8afc874b909422ce88582,1,6,921.24,3.5071296296296297,-3.0570601851851857,5.0
3e46a38ee171c503c3b4a3f23fe3bf0c,1,1,69.00999999999999,4.184652777777778,-8.259328703703703,5.0
ae45df84722b1d15c5f32b23a095746c,9,12,1065.49,7.358047839506173,-14.357149884259258,4.833333333333333
c8c1bea22194a4eefa2dc9a9fa89f536,7,13,1558.7299999999998,8.504941239316238,-23.97768607549858,5.0
b9ec22de23f18567de0e09d776ca0309,2,2,382.47,6.534861111111111,-26.676741898148148,5.0
b00af24704019bd2e1b335e70ad11f7c,1,1,207.25,15.554780092592592,-19.431296296296296,5.0
bfd938b22bc99bce1ae60dc602889f52,6,12,1118.26,11.24629050925926,-24.688896604938275,3.0833333333333335
3aa3c89ae3cd482385568be76120f63c,1,1,48.94,10.831493055555557,-7.22650462962963,4.0
4b98b0428fc1932cc2514ef9ce2505e6,2,2,363.42999999999995,22.573813657407406,-3.832430555555556,1.0
9e94fa26a70ede4d26226e918e8706a2,1,1,72.74,5.644328703703704,-7.22619212962963,5.0
8ff1a9df749e454105c55cda13e79143,13,14,1677.81,12.379569279100528,-9.294878472222221,3.727272727272727
63191ead8d3b2f937cd1996fdcbbad20,1,1,420.29,11.917349537037037,-25.39877314814815,5.0
20fd2d2080ed85fa67fad3fcbb2c1813,1,1,105.47,,,1.0
578fa3a9cb6b6dceab39231ad59cdaca,3,3,187.20000000000002,22.39690200617284,1.7614274691358027,3.6666666666666665
5b92bfa4120daa27c574daa2e386c693,1,1,24.96,16.086435185185184,-8.559166666666666,3.0
8fe8786ee000001ab51d030dfd4a7bf1,4,4,1939.2399999999998,11.830159143518518,-21.751744791666663,4.5
1acde099eb406aa220b1169b188b42da,9,10,458.5,12.417634259259259,-7.36241087962963,4.3
d3891911c2feae53c52fea2bd14054e5,2,2,166.99,4.062760416666666,-14.743842592592593,5.0
8c3b533c63cca56240f94f1e3a6b18ef,2,2,548.73,15.63269675925926,-9.584155092592592,2.0
a89e143d5211473ae18db9577ee34b64,2,2,159.68,9.211030092592592,-6.282037037037037,3.0
52ac6f920b7280e4c6d30dd94de6259b,1,2,1246.34,6.264548611111112,-15.257916666666668,1.0
dedcab67899479e4ea5dcc4eba47f587,2,2,105.63999999999999,5.555057870370371,-4.101707175925926,4.5
b906dd0e57f282c7089171b6ed07982e,2,2,210.75,6.987065972222222,-18.61548611111111,4.0
eb72802c83dc7547529c9546d1a9b8ef,8,8,1181.63,6.2112832754629625,-10.83896412037037,4.625
5659d77e8d90378e39b960ad5956f64e,2,2,213.13,20.48904513888889,-4.285266203703704,2.5
c12d7463a579237ffb9248bd7cff378b,1,1,34.62,11.243993055555556,-41.20258101851852,4.0
50c361bcf670d16f6df4d52de3dff924,1,1,51.6,,,1.0
d9c349beabc06aa6ff1c6d68b5e9e22e,1,1,205.64999999999998,21.02513888888889,-10.271631944444444,5.0
432c67955c0acd1fd6b0b5d678766a71,3,3,1288.4099999999999,6.682824074074074,-47.54,2.3333333333333335
62de60d81c55c29d76a6bce418b31cef,1,1,126.87,16.171631944444446,-1.9939699074074075,4.0
9523fb39dd240aa958e040f8183d64f3,1,1,168.29000000000002,21.88304398148148,-16.200266203703702,1.0
e64882b4ef12aee8d0faca4db5b681f4,1,2,273.22,25.008819444444445,-1.3461689814814817,4.0
296729ffb9b684050dd24836dac4494a,2,2,149.61,7.2698784722222225,-12.103043981481482,5.0
b7ba853e9551f4558440881fd3e5c815,2,2,414.78999999999996,34.95599537037037,-25.36488425925926,1.0
99a25c39b28a74d1151c35c18d178292,1,6,218.69999999999996,2.230983796296296,-9.203020833333332,5.0
70ee69419916dc13e3aed619061f996c,1,1,53.72,14.4346875,-3.113391203703704,3.0
247587846358bb1d2e4c6522020b36fe,1,1,121.51,4.81011574074074,-12.26909722222222,5.0
734def04b237117a09321dd6d8f3f2a2,1,1,176.3,1.630300925925926,-20.17096064814815,5.0
3ac588cd562971392504a9e17130c40b,1,1,19.29,7.089305555555556,-5.030069444444444,5.0
e72b4feb7abe210c52aa667abc25a3a2,1,2,55.64,4.149236111111111,-12.354907407407408,5.0
011b0eaba87386a2ae96a7d32bb531d1,1,2,129.16,25.1803125,-29.522291666666668,4.0
4be2e7f96b4fd749d52dff41f80e39dd,1,1,299.84000000000003,,,1.0
d4f91e8be86b38da2ee35bc489645a9d,1,1,61.160000000000004,17.22824074074074,-35.36194444444445,5.0
4cc43a222a0f94910728b62b97a8c5f8,1,1,120.76,14.14508101851852,-11.262488425925929,3.0
623ad9d0c1e14bb5464a8c72bff7b4af,1,1,133.96,24.09232638888889,-0.0704398148148148,4.0
74bafed391319577bce6f4d2acc0589a,1,1,407.9,3.255752314814815,-6.253622685185185,1.0
15ac3c501e2599e4917316fde5c5669a,1,1,195.81,,,1.0
a1bea9970d8f65b240555f99c2214f7f,1,1,102.48,9.306875,-12.009479166666669,3.0
50bf89f1349bc0409a268c3a49678009,0,0,,,,
8a1ff5c35f6595a73fef4c7b96e4908a,0,0,,,,
33dd941c27854f7625b968cc6195a552,0,0,,,,
a1040efe9ff4a6f93c28b0499eada8f5,0,0,,,,
5bba18b40e8c973b0f32e748004775b0,0,0,,,,
039e6ad9dae79614493083e241147386,0,0,,,,
f0563bacf40c311f1c4d3d6b67b8a7a7,0,0,,,,
a00824eb9093d40e589b940ec45c4eb0,0,0,,,,
530ec6109d11eaaf87999465c6afee01,94,101,14926.859999999993,10.642372921390777,-16.252173091458804,4.227722772277228
ff063b022a9a0aab91bad2c9088760b7,91,93,10670.859999999999,9.194268593189967,-11.561987504978099,4.271739130434782
12b9676b00f60f3b700e83af21824c0e,134,134,30125.72999999999,14.90137222923681,-20.624091347502798,4.548872180451128
6c7d50c24b3ccd2fd83b44d8bb34e073,114,128,11470.190000000002,12.13757982436802,-11.194404670047032,4.3858267716535435
c54679b132454625907c773d273d4126,7,8,1139.9299999999998,6.140862268518518,-14.552103587962963,4.875
ef506c96320abeedfb894c34db06f478,324,340,14968.430000000042,13.33943067408522,-10.519443782072738,3.9017857142857144
0be8ff43f22e456b4e0371b2245e4d01,159,178,14066.870000000004,10.155192276814384,-11.215562379576108,3.9213483146067416
0db783cfcd3b73998abc6e10e59a102f,132,137,11076.549999999997,11.65803663152204,-12.419911800486613,4.213235294117647
e9bc59e7b60fc3063eb2290deda4cced,216,269,39031.56000000001,14.569640357905996,-13.28673606659544,3.9442379182156135
640e21a7d01df7614a3b4923e990d40c,116,137,10045.119999999994,10.447723141339862,-9.58476196555011,4.262773722627737
cea729054f157f5870bdd321a958d994,24,26,2831.62,7.258142806267807,-8.5830608974359,4.1923076923076925
f8db351d8c4c4c22c6835c19a46f01b0,656,712,56595.47999999991,9.938010363907365,-10.959768271209242,4.2175141242937855
7139dc5186aa238b006e066d8fbab2e4,21,23,1980.3200000000006,14.332249396135266,-10.120172101449276,4.090909090909091
8b28d096634035667e8263d57ba3368c,141,153,11689.339999999997,14.336350438105885,-9.535173145041018,3.8466666666666667
3b872fd4747f01cc56206f2934198618,21,23,3005.95,13.417976549919484,-8.029499798711756,3.869565217391304
1690cada046eb7e92c12f98b1f8a8167,11,11,2211.38,7.352841435185186,-13.461581018518519,4.545454545454546
ebd2d60905fb58271facef5596b620d3,84,88,9675.020000000002,12.877629221132898,-10.58308319716775,4.125
56e361f411e38dcef17cdc2a3d99628b,4,4,310.8,9.441354166666667,-4.951597222222222,3.75
582d4f8675b945722eda7c0cb61ba4c7,59,71,5683.930000000002,10.591509683098586,-13.338436684924364,4.112676056338028
13fa2a6c6b9d0f43cb588d7c82117a12,9,10,4719.44,20.52068634259259,-4.640277777777778,4.0
a49928bcdf77c55c6d6e05e09a9b4ca5,98,106,10574.249999999996,16.937956508190883,-3.8129025329415946,2.952830188679245
db2956745b3a8e9f3785c99f34b5d25e,47,48,9574.269999999999,14.345947061191625,-11.171285477053143,3.7291666666666665
d1582f4043306e6b91afa6a8a884f898,9,9,1121.92,12.108569958847736,-13.76005401234568,4.111111111111111
ce248b21cb2adc36282ede306b7660e5,55,56,7560.42,16.091199983465607,-9.573078083664024,4.25
04aba03279157f6d4e0fe8ccaf21963c,16,16,2922.33,11.624953703703705,-13.255569444444443,4.3125
7b07b3c7487f0ea825fc6df75abd658b,93,98,11074.640000000005,9.44808967496142,-10.350217857831785,4.336734693877551
1b7e5006cb25dd23ce8686691013b121,11,11,2785.9599999999996,15.486682449494952,-5.683180765993266,4.363636363636363
2a1348e9addc1af5aaa619b1a3679d6b,52,55,3631.400000000001,27.20355324074074,1.3539608297022516,3.0
718539d38d07dd351c76db862760e2e2,37,45,1977.9499999999998,7.958789567183462,-13.401256729112838,4.333333333333333
6039e27294dc75811c0d8a39069f52c0,62,73,14954.430000000006,18.11645318930042,-6.291594489454734,3.8493150684931505
8a87611c08849ffeeccab52aa798b6c7,12,12,2379.16,8.85844135802469,-29.48057291666667,2.9166666666666665
febab0275244b9a49a623f0bd613ca2f,100,119,8304.939999999995,7.723429685026903,-11.33912353592909,4.34453781512605
0ffa40d54288e4f3499b8780dd0f144f,33,35,2746.47,13.45839484126984,-11.451326388888884,4.4
c4d51195486dc781531876a7d00453d8,9,9,3123.24,26.562259516460905,-8.471889146090536,3.7777777777777777
5b85809efd0d0e4dea1a9544e1280ed9,11,13,1803.07,7.019249465811965,-17.02182336182336,4.461538461538462
d94a40fd42351c259927028d163af842,93,101,15353.799999999994,13.860148495370375,-13.08767465277778,4.204081632653061
f3da5b2ff499efb8d4a6d371d175d7dd,79,84,4826.860000000003,11.27484770212285,-7.49074624548329,3.8313253012048194
93dc87703c046b603023e75222018b45,33,34,7555.5199999999995,20.206874638310186,-10.469341362847224,4.0
6a0cbc8af2e8abd1bdfb777943d174c6,35,35,4639.42,15.508637322984749,-8.182517701525054,4.0588235294117645
e8f6dc8e6a1dcde89d20e3995c8d90b3,33,40,2501.0899999999997,13.369345743312756,-20.654855002572013,3.7
7178f9f4dd81dcef02f62acdf8151e01,198,211,33139.10999999997,15.395820160934733,-18.14116716269841,4.042857142857143
2f74af7a0ee5636f12c2336f9fffed47,13,13,724.4699999999999,9.696574964387462,-8.052778668091168,4.3076923076923075
4c498c7345e89aebad651544829beca0,48,48,5389.760000000001,10.828998473207252,-8.484544178486999,4.291666666666667
0570350b23eda5444f8d1d9544932058,6,11,751.7600000000002,4.799916877104377,-12.382384259259256,5.0
02f623a8eb246f3c5f7c2f96462654e6,44,44,7207.63,8.482709648569024,-9.968340961700337,4.558139534883721
51ed72984a04e5dd35c2b27e77179038,7,7,1493.2299999999998,16.578348214285715,-8.997132936507937,3.5714285714285716
3c4e0452bff7a2a788179488d3d77032,32,36,4352.52,13.534090470679011,-14.934186921296297,3.742857142857143
04308b1ee57b6625f47df1d56f00eedf,77,77,42281.82,17.753921174463937,-11.216200201023392,3.9740259740259742
d354c38a7182125a748cb10474fe963b,18,20,1926.1799999999998,13.120668859649122,-12.229934210526316,4.315789473684211
8fdca8e349553f99bc738833a62c8802,22,29,1370.2199999999993,10.302422972541505,-11.754969268837804,4.357142857142857
bf00385a5f7fc1ef39a13c2e9ee50a5f,29,29,1213.03,5.772894758597883,-10.131565806878308,4.310344827586207
8ab42aa58097fd4668d60cc648225d5f,20,26,3210.3900000000003,11.1531245548433,-16.70425080128205,4.153846153846154
c840d3fdbba0790404fdae73d253b253,7,11,1907.68,10.55897095959596,-20.070354587542088,4.363636363636363
6f229cc508fc6915ed5c499efd93baa4,13,14,2988.68,9.361559193121693,-8.360176917989419,4.428571428571429
3bdff180c7e1f6551a643b99c265a120,58,60,3813.4,10.344616228070175,-11.437440099090317,4.0
26562f211dd1364af2a8596dc945e8ae,2,2,115.11,2.2555555555555555,-4.166134259259259,5.0
25debeafbce801fdd479539350185eee,6,7,402.85,14.713342978395062,-8.166766975308642,2.4285714285714284
4ba52dfeba874da5b9ee7b17c7494f04,11,11,1667.91,10.621666666666668,-10.952910353535353,4.363636363636363
96804ea39d96eb908e7c3afdb671bb9e,38,40,4365.76,13.42224952516619,-12.56069770892688,3.9
670c26e0f1bf8d0576271d5cfaec6d2b,77,86,7863.9400000000005,13.682761710239648,-12.705237881263615,4.313953488372093
02f5837340d7eb4f653d676c7256523a,29,29,4262.43,8.59002195083014,-17.52513928799489,4.9655172413793105
d3f39f05462b79a4562d35893a28f159,34,38,2968.7700000000004,12.122399587087084,-11.599013388388386,3.3684210526315788
5f26c1408a65b42a7224cd463bdf3292,10,10,1357.09,6.427893518518519,-14.729975694444445,4.8
850913d59ce317156b00f3705f1c3edb,31,33,3090.23,12.950960249042142,-7.171126277139208,3.393939393939394
a64e44665225d19dfc0277eeeaaccc57,6,6,426.76000000000005,7.929162808641976,-6.1762847222222215,5.0
4de6e4ba574aa9dfdc824bc44dc47fdd,14,14,704.4200000000001,9.368518518518517,-17.60017195767196,4.071428571428571
94e93ce877be27a515118dbfd2c2be41,30,35,6542.72,13.381931849128542,-10.928270697167756,3.9411764705882355
62c50c1af4dfdc4149d25c5222043d39,14,19,3096.0300000000007,13.530853077342048,-16.29734068627451,3.263157894736842
3c010235b7345c92f125d14ee232a76b,14,14,3741.810000000001,10.694470072751324,-8.575588624338625,4.642857142857143
35fb511489d9ee3ee27a76debce9df06,7,7,586.79,16.808877314814815,-9.936213624338624,3.5714285714285716
3e8bd881d92466e63ba9e3e809cd3c50,9,10,2450.25,14.945583847736625,-6.805657150205763,4.222222222222222
7dc8c42cc750eeafea6c85712ffee9bf,40,49,6704.540000000001,8.513257038926685,-12.750599489795913,4.26530612244898
6824a69c9ea0313eba299dd4a2dba09a,6,7,784.08,4.540830026455027,-13.326828703703706,4.714285714285714
13f57c12a00ed4610db646b913a7f5c6,7,13,821.1500000000001,12.883238960113964,-7.975600961538462,4.769230769230769
e51f22821f0c12a16ad5c020cdcd55e9,4,4,996.8400000000001,10.324129050925926,-15.43000289351852,4.75
a2b5b6105ea5942300631d2e76f4ffe0,12,12,2278.51,7.149925733024691,-7.591632908950618,4.833333333333333
5b07547f10dd980738a1a27f685af669,13,14,1320.0700000000002,6.200850694444443,-4.928778108465608,4.5
dc8798cbf453b7e0f98745e396cc5616,41,51,2680.6999999999985,13.688191752799305,-8.757740363910424,3.1176470588235294
c3e1abd72a42fe690fcd89cf5720fe29,13,13,1967.5800000000004,4.309395477207977,-10.697408297720797,4.461538461538462
d1c7fa84e48cfa21a0e595167c1c500e,12,12,1477.38,11.879826388888889,-18.350804398148146,4.333333333333333
abc015ebac1d283a323ca9db35ede4b9,12,13,1329.6499999999999,11.109822827635329,-14.285638354700854,4.384615384615385
818d28f936e791926d33bcb6ee94ef79,5,5,216.7,12.94392939814815,-20.353579282407406,4.0
ae8bfdbf1c2a2a2dee92d799db0a31c6,8,8,486.14000000000004,8.8746875,-15.10758101851852,4.125
2ff6b7bff164ef05590a52734e1296da,7,7,1955.12,11.747468584656085,-14.390922619047618,4.714285714285714
5db42a6cd9bf1bf0d3aab9582767f168,1,1,219.32999999999998,16.873449074074074,-5.286215277777778,5.0
b5bb2b985208834bd5bd86c7a402bbad,2,2,659.72,11.335590277777778,-18.255364583333332,5.0
c33a5c3c983090c8b78a28e65052a20d,9,9,774.1600000000001,11.570222800925926,-13.977359664351852,4.222222222222222
082e0bf4cb865a6533b1e8e498cc0255,10,21,2525.91,13.506493606701937,-17.513288139329802,3.380952380952381
bc07d855eac23aab5ac8a120f21d16b2,12,13,1496.18,12.699539930555554,-10.052173032407408,4.153846153846154
e59e489e2ea74bd409b798b5daf49de3,3,5,581.7600000000001,14.799812499999998,-8.661877314814813,2.2
e8a85b5f3df47be0984c55fd4064dbb4,8,14,965.99,10.408761574074074,-4.722490906084656,4.714285714285714
cac63f48c38cd7d002a7e846dcd99a23,10,10,1014.6199999999999,7.226524305555555,-12.029729166666666,4.8
240b9776d844d37535668549a396af32,27,27,6626.989999999999,9.994214743589744,-11.82484553062678,4.222222222222222
4d600e08ecbe08258c79e536c5a42fee,7,7,3913.7,12.450493827160495,-27.513449074074074,4.428571428571429
b9a03475e6447e631b6799ec8274800f,9,10,1373.99,10.073032407407407,-20.94950578703704,4.2
c84592044b180dec206770c38603814b,15,15,736.2,12.918706183862431,-12.453935185185186,4.2
e116c7455dd26a4d8c3e92532583905f,1,2,51.54,,,4.0
67225bff54a172ff67579aaf583efd78,8,8,1393.11,13.42708622685185,-10.5734765625,4.5
04fdea0c111866e6cf812f1570d6b5bd,10,10,1261.95,18.002058738425927,-9.533265335648148,3.2
f52c2422904463fdd7741f99045fecb6,12,13,744.8000000000001,5.532022792022792,-9.628897792022794,4.3076923076923075
213fafb0ca06fb3d5886579c2565791b,3,3,216.86,4.2597916666666675,-5.48304398148148,2.3333333333333335
edf3fabebcc20f7463cc9c53da932ea8,1,1,244.02,21.08203703703704,4.96630787037037,4.0
bd4ff04377f974574f7f0bf9d6ce7dde,4,4,215.10000000000002,21.992728587962965,-23.033741319444445,3.5
89f69225956f951295ca4c7fb1266553,11,12,1318.71,9.75869212962963,-18.003587962962964,4.333333333333333
417a1e6c7321084d2a0ae0d023cfad93,1,1,61.379999999999995,6.072372685185186,-16.41840277777778,5.0
d8d9567d0bfb0bc7eb845a205ba42657,4,4,134.31,13.52205150462963,-2.5261313657407403,3.5
7b3447b497e55af8c15fc7bd89d7b81a,1,1,70.65,13.094965277777778,-12.07638888888889,5.0
7f5e4d5efad7e44b91115dd1decb65f3,3,9,257.32,5.439356995884773,-8.052304526748973,5.0
f00f5b35d0abcacbdd863672f4bb2c1a,1,1,313.43,12.155833333333334,-20.25003472222222,4.0
ed859002ad59dbf8cf3602696a6c3000,7,13,2690.6400000000003,22.08494212962963,-27.784627525252517,4.0
820c7c9eaf76d2b226b6c242bcf3f34d,1,1,577.0,17.76011574074074,-20.50857638888889,4.0
1746c1ae87ac63d530c7c943d0ac42e2,1,1,252.35,23.02140046296296,-3.058773148148148,5.0
35ef5aa32949680f627efec3c23e705c,3,4,209.58999999999997,12.59385127314815,-17.588284143518518,2.75
4f1f1c8666cdb6442f775c4e8caed465,2,2,1070.39,19.96107060185185,-13.773697916666666,5.0
929f342384a6607afe143d789ade1316,4,4,272.76,4.4983478009259255,-14.457349537037036,5.0
a1474fd46fd3430168f7ec202da39408,11,13,2540.2400000000002,13.963687678062682,-12.998686787749287,4.6923076923076925
bafc5aa11e413978be29040f51342e70,9,9,1829.4700000000003,13.440901491769548,-11.484389146090535,3.7777777777777777
141440cad9341e553f8401c574a2aa38,11,12,1579.0000000000002,6.876103395061729,-20.6352555941358,4.166666666666667
03bd479e1d9484cdb14104d3023f7321,3,3,417.4200000000001,20.46724151234568,-4.887588734567902,4.333333333333333
2305ab43e846518f58dd9d59f3f54e96,3,3,831.26,11.829328703703702,-10.79204475308642,3.6666666666666665
e601b04acf48b4576e73ddca9481f0dc,15,16,702.94,7.197291666666666,-15.606803385416667,3.875
7b3f6ce5c6c22e9b96e7581ebf0df6e1,1,1,42.49,10.947905092592592,-14.255243055555557,3.0
dc50afafdfa325eadc890c7fa42a8f4e,4,4,481.4800000000001,6.205685763888889,-11.016892361111111,4.75
c13ef0cfbe42f190780f621ce81f2234,1,1,451.28,28.063055555555557,6.629965277777778,3.0
ce20a2ec1514c25e16f2b5b39bc818f0,4,7,496.03,14.636984126984126,-14.224651124338624,4.857142857142857
dbbcfe2c8d026742134ac3e28ccde274,4,4,362.9699999999999,8.287314814814815,-15.25785300925926,4.0
fe4cd9461203cee790d36792420b310f,3,3,445.53000000000003,14.347658179012347,-9.378761574074074,4.0
3fadb4cba4c35bce6a7eaf9872d5623a,3,5,277.52,8.98473148148148,-21.493659722222226,3.2
0e72c1a751b496722a6cb1f10653b62a,3,3,192.10000000000002,6.891940586419754,-11.699143518518518,4.666666666666667
934ed5cd1b9c1c7382d0a94a94b9e639,1,1,152.47,13.12738425925926,-31.32006944444445,5.0
8ca1551acf9832a4cf467bbbac15851f,11,12,2442.9399999999996,15.862967785493824,-10.262627314814816,3.6666666666666665
a7dc4098e4da6e41b426269d12ae7e91,2,3,554.45,5.982071759259259,-5.555748456790123,3.6666666666666665
52a52b9f656520e99716f5bc40f661c8,7,8,931.2199999999999,10.534014756944442,-11.237841435185187,4.125
fe87f472055fbcf1d7e691c00b1560dc,6,6,1215.9599999999998,6.001875000000001,-2.2572820216049387,4.5
7402d13c03a7e91366337cd1de471144,3,3,231.32000000000002,7.947517361111111,-9.550665509259261,3.3333333333333335
010da0602d7774602cd1b3f5fb7b709e,1,5,1079.75,26.114687499999995,-9.109456018518518,1.0
57df9869a600bd6b7c405f2a862eccfb,5,5,197.21,7.289553240740742,-18.71814351851852,4.4
7adbd3210a7b3cc2235e225eef33574d,3,3,204.86,10.077029320987654,-15.405895061728396,4.666666666666667
f1198c871e0171278b63f40d112caeec,2,2,558.0699999999999,11.401388888888889,-6.769826388888888,4.5
3d49bfdd1b43a7fe169b3740067acc61,3,3,276.82,8.759347993827161,-19.539683641975312,4.666666666666667
ad738d3fcf42655ed15c4960b7b6c601,1,1,80.89,,,1.0
f0ec6a2adb05c62655a26dd347b8dede,1,2,86.78,,,1.0
dc7192adf8ba09569261f4a8d576afe0,7,8,1078.4299999999998,6.3252575231481485,-16.17777054398148,3.625
feb793c88d836c3a75efa4b5a3465d70,1,1,530.17,5.986342592592592,-7.203784722222222,5.0
6219ba2359cfb97f2e38fd4c321eb309,6,6,590.55,23.707979166666668,2.9578541666666665,3.4
3a79f35a2344ede41af21267f61d5ec6,1,1,217.71,14.27412037037037,-7.156099537037037,1.0
5e106d93b717c2682b9383da480364a1,1,1,467.60999999999996,7.260185185185185,-25.25230324074074,5.0
570d4583587a5fe2d47c7be89b91ad27,2,2,148.92000000000002,5.748657407407407,-9.860833333333334,5.0
37dd29b36c458d82f74a953c40c43645,2,3,1606.99,22.774483024691364,-4.941747685185185,4.666666666666667
13511db12ac61e2f89c53b72a944a60b,6,6,1063.97,9.170298996913582,-12.1852449845679,3.5
1c83418358f249c9d6affa52d579db0e,1,1,39.42,10.189027777777778,-22.522997685185185,5.0
d9cb0052a666de5308b32f32ad5f1b1c,3,3,270.49,13.012816358024692,-10.22221836419753,3.6666666666666665
6b2612338467c08c9b25f0cc55b1578d,1,1,113.87,16.55759259259259,-21.57960648148148,4.0
513a54369b6a8a6602fcb0e129c6d78d,2,2,62.66,3.5719097222222222,-4.670353009259259,4.5
3986c0b54f6b748b75e7bd4e092aa3e5,1,1,40.269999999999996,6.12349537037037,-11.04681712962963,5.0
9261d76c62caaf0b24677c2ceb7f8f20,6,7,1216.2399999999998,7.656248346560846,-16.7627628968254,3.7142857142857144
8d92f3ea807b89465643c219455e7369,3,8,252.77000000000004,42.11590567129629,10.82740306712963,1.0
91f0eec23d4a61d7d7caeefa3f0ad1ca,10,10,2278.5699999999993,24.571770833333336,-4.068565972222223,3.5
b416191c9813d821a295cfabafff4161,2,2,150.14,19.298738425925926,-7.61478587962963,2.5
e0482f2c769468c3bbcd8a01e09d98c5,1,1,234.4,5.906377314814815,-13.230081018518518,4.0
ad75519a07f039025e83795a4418470f,3,9,417.92,9.059162808641977,-17.83957818930041,3.2222222222222223
5aaa890629f83706d8d9bfecd8377c1c,1,1,66.82,,,1.0
dbec9a0a7efeff029d4d9dce7dc4cc95,3,3,1288.59,11.927997685185185,-11.271161265432099,4.0
4a82168aaef173cbb6e46ae88728f919,4,4,612.39,6.717989004629629,-13.123188657407407,4.0
e0a3c37054ade6478d923a6efc10f308,2,2,254.98000000000002,7.835486111111111,-15.300538194444442,5.0
c04d70d515d15a7e3db3a73320598566,3,4,214.82,7.230824652777778,-21.870428240740743,5.0
78744a20ee2f80ba64f6804c25def2b8,6,6,3068.85,18.961849922839505,-6.920208333333332,4.166666666666667
84deb808079d1be601c209c1e771b1cc,2,2,58.14,7.539299768518519,-10.78103587962963,5.0
7ad41305e96a6cab8294cd65891e9a86,2,2,237.6,11.66113425925926,-14.389837962962963,5.0
bac44fa8e13424950488659b5f765c41,1,1,34.42,8.709305555555556,-45.34378472222223,5.0
455f46ef09a9e45667e2981df84b5cc2,2,2,90.97999999999999,13.019328703703705,-1.087060185185185,2.5
586a871d4f1221763fddb6ceefdeb95e,1,2,239.48,68.62114583333333,22.59372685185185,1.0
9ef932e837d8b7f392c0bfee9d359dc2,1,1,79.56,36.47038194444445,9.004814814814814,3.0
ec5c1d94df153d473b37f880977ae58e,2,3,283.74,11.67219135802469,-21.06323688271605,1.6666666666666667
964ff64dc05b13811c6d0f41e0aa5f6b,1,1,204.06,6.680775462962963,-13.372361111111111,5.0
93bef6edaa84956e8e575016449b6351,1,1,129.56,9.925324074074076,-20.164965277777775,5.0
4e92348462c75b6c842b994ce84a0ed4,1,1,85.49000000000001,9.837280092592591,-18.23168981481481,5.0
5dc4bdaf869e8c77c648078cbe8d59c2,1,1,327.49,,,1.0
6ebf4eceee4dd9847201c82e77ef8123,1,1,82.03,15.017141203703703,-4.00931712962963,5.0
1ca4bdb0cd7fc48e949bac066188ed26,1,1,436.25,10.171921296296295,-12.091284722222222,5.0
be67f78487e2cecb0d55bc769709e4f5,1,1,125.64,10.03462962962963,-16.252534722222222,5.0
447d377bdb757058acb569025ee18a93,1,1,83.00999999999999,18.0040625,-13.21351851851852,5.0
2c2c9832d1bb38c5b0034a3b47d313ee,1,1,68.35,12.09361111111111,-13.459143518518518,3.0
04ee0ec01589969663ba5967c0e0bdc0,1,1,314.32,3.0675925925925926,-12.453877314814816,5.0
497709c2976a8fa308730a2dec5b0726,1,2,94.03999999999999,5.948032407407408,-1.2449652777777778,5.0
397c4d0c005b6f41f90098ac724e28cb,0,0,,,,
b12cfd255810394b60caef18ae163547,0,0,,,,
d63c73efd41eb002280e7ec831424edb,0,0,,,,
53336f97ddbe53e2a617d07b17447b95,0,0,,,,
ccb83a794700270fde70898fe9ff368b,0,0,,,,
16090f2ca825584b5a147ab24aa30c86,401,409,29694.630000000005,9.233107996113391,-8.95477403406492,4.041871921182266
3db66a856d18a9cba7c9241fc5221c50,93,96,11194.019999999993,15.699273847415126,-11.169881847993823,4.229166666666667
729b2d09b2a0bdab221076327f13d050,49,61,2768.66,12.239614004629628,-12.311163966049378,4.524590163934426
85d9eb9ddc5d00ca9336a2219c97bb13,509,522,24029.579999999947,14.738470594618068,-15.031304321289076,4.167630057803469
c003204e1ab016dfa150abc119207b24,196,201,29690.999999999978,9.625607551647127,-10.883967813605054,4.425
ccc4bbb5f32a6ab2b7066a4130f114e3,178,183,69742.8599999999,15.961237911522636,-16.143964956275727,4.252747252747253
c31eff8334d6b3047ed34bebd4d62c36,122,123,15586.050000000012,12.768233566727886,-9.514439279155187,3.8524590163934427
1a3df491d1c4f1589fc2b934ada68bf2,167,178,27594.119999999984,15.035251380766734,-12.314144466103532,4.168539325842697
0ec28cec4046a4a199b6de9b4c891d97,3,4,352.64000000000004,8.863423032407407,-5.83886863425926,5.0
08061dc0fc165ed41288cc7acde738ee,4,4,182.22,20.068133680555555,-0.4699218749999998,4.5
79ebd9a61bac3eaf882805ed4ecfa12a,133,140,18320.520000000008,15.333567180319006,-11.671945458231953,3.992857142857143
7d456afc660226829370f3173d14520c,55,90,9662.899999999998,9.052598116582493,-11.773690419823236,4.266666666666667
5b2e94f2c22b39ccc24d34ad0f669672,10,10,1340.1399999999999,9.983612268518518,-12.109733796296297,4.9
87e24fc7052259b1f7f607d61c10d8be,3,3,895.25,11.17345486111111,-3.7097743055555554,2.3333333333333335
8160255418d5aaa7dbdc9f4c64ebda44,384,430,54701.270000000055,16.780926828867877,-6.837011234786792,3.8305882352941176
1127b7f2594683f2510f1c2c834a486b,114,132,8673.039999999999,10.250749511718746,-9.967945782696754,4.090909090909091
52562a9f449c3dc3d53f5f5b9ed74903,14,14,3710.6400000000003,13.357767857142857,-17.753160548941803,4.785714285714286
e0a366315b1b726b6c7832d664c0f530,43,51,8145.170000000001,7.462383578431374,-10.950454793028324,4.333333333333333
a7f13822ceb966b076af67121f87b063,71,82,14352.379999999996,19.391491197988124,-18.47191400891633,3.451219512195122
95ec4458365c4d11f452ccf538377619,27,31,2303.4300000000003,5.755570116487456,-11.97056712962963,4.266666666666667
f84a00e60c73a49e7e851c9bdca3a5bb,85,94,7185.789999999998,10.603372836151367,-10.69413194444444,3.702127659574468
b2a6d334e2833acea353624840e25a0e,25,26,2038.5900000000006,10.696551371082624,-16.282952724358978,4.5
ce3ad9de960102d0677a81f5d0bb7b2d,1,1,174.21,4.042291666666666,-12.443703703703704,5.0
1f9ab4708f3056ede07124aad39a2554,78,79,16043.510000000004,14.565484607984605,-12.81777867965368,4.089743589743589
b561927807645834b59ef0d16ba55a24,85,95,5807.030000000002,12.522224049707608,-8.056851242690058,4.336842105263158
45ba18c210d42734ec52c0c1c574e9ee,36,39,5593.59,7.0029552469135785,-11.373343621399176,3.769230769230769
bba74270a87732727b5a3b4fd9ac1c39,36,41,6760.440000000002,9.283693287037039,-15.450976562500003,3.8048780487804876
165fc07beebdcb6190fba8a06db2a449,43,56,11468.519999999999,13.149062293320108,-10.075657862103176,3.8035714285714284
b16d3dadc47d4eb18be3d88bad0775ce,10,11,900.54,6.5302640993266,-21.580867003367004,4.363636363636363
2d2c62bef4c8ba0dd74e0e228e808539,15,15,3835.2800000000007,9.01739737654321,-9.39908564814815,4.333333333333333
14d7985702e72162bbf13b6beb74ab2b,37,38,4441.000000000002,11.145243055555559,-7.977769554093567,4.342105263157895
9b013e03b2ab786505a1d3b5c0756754,174,225,11631.610000000028,7.997937447390575,-9.406499999999998,4.0
94144541854e298c2d976cb893b81343,60,67,7588.14,12.151010572139304,-14.457718179933664,4.257575757575758
9d681c7e12db302cb261e721040dde65,13,14,1058.68,9.021041666666667,-14.757098214285714,4.928571428571429
6750d71153f00fc58829af2a8ef1bcf1,5,5,799.5,8.888564814814817,-14.750675925925924,4.8
d06d019f72a04e5497a0b64190af170c,17,17,2641.44,8.503113425925925,-11.729082244008715,4.529411764705882
730937bf88cb151eb2eb849f642fc213,22,26,3277.1700000000005,7.1314743589743586,-9.77843660968661,4.423076923076923
ed46f1eb4a638113deb2a1137b5f22e9,2,2,1245.72,6.234542824074074,-12.302847222222221,5.0
5debea795b07621e1f90532e18f96145,25,33,2388.1300000000006,10.308809273288443,-16.642483515712684,4.2727272727272725
5b925e1d006e9476d738aa200751b73b,63,63,8801.839999999997,10.885000367430926,-10.50525756907701,4.603174603174603
aa1eb17b9fdf6dfd546e25c45c7b9235,3,4,154.26,6.51558738425926,-8.428666087962963,4.5
d93919c944be9cff128f6c9cb899eacb,33,33,3624.01,22.921270342312003,-7.337668350168347,4.0
762ed976527cddf02787edba70fffa2a,3,4,240.11999999999998,7.73574363425926,-21.122876157407404,2.25
6d988d6174a2c27441597174f8905515,19,23,737.1999999999998,19.259524456521735,-8.759278884863123,4.260869565217392
271c58a1d139c45eaf3316107c6d3a3b,29,29,4568.71,13.15568329903978,-10.538530949931411,4.068965517241379
2379bdc3888025689a9deb7b141507d5,9,9,1125.6100000000001,18.42511059670782,-5.024538323045268,4.333333333333333
71271995e85f5b8530be99ed54a91b89,8,8,896.8300000000002,12.30955825617284,-6.0390625,2.5
14ee35374a7876217954b5fa08e50463,6,6,923.05,17.1668074845679,-7.119226466049383,4.333333333333333
e8b3a3a38279a82f0e5d006d5e5b7d2c,86,91,14095.130000000006,16.906813409391532,-18.036908206569667,3.7142857142857144
1fdc574883ef3b33ad41562d93f3a74a,18,18,4524.27,11.252198431069962,-10.745678369341563,4.444444444444445
b19f3ca2ea475913750f25a5c37c8d8f,18,18,3719.379999999999,17.545405092592592,-7.37312037037037,2.9444444444444446
113e3a788b935f48aad63e1c41dac1bd,39,48,1533.9500000000003,12.03533733603395,-14.964520399305558,4.404255319148936
88ae906ea2acf6971f26c3e8b7cb4357,3,3,288.01,15.088244598765433,-1.2260570987654318,3.3333333333333335
71592660bbcb6a4664e97b6f8b68babc,6,7,2200.55,11.673265542328041,-10.709705687830688,4.428571428571429
d598f929fc44e1e38678e7f47250ec04,1,1,107.30000000000001,11.235752314814814,-22.31761574074074,5.0
4e6015589b781adaa5ce7f1892d06bb1,3,3,740.5,5.894976851851851,-12.117384259259259,3.6666666666666665
cc63f0dd2acba93ffed4fe9f8e0321fa,55,63,8496.680000000004,9.01547159758965,-11.597399140211635,4.0476190476190474
e560e4022d8f7aebf155db95946c5c0f,2,2,870.21,10.134334490740741,-10.696631944444446,5.0
5962468f885ea01a1b6a97a218797b0a,8,9,928.04,10.914812885802469,-13.425271990740741,3.75
232a6014e7b10cba61c6c2b2ea6bb4b0,30,33,4214.229999999999,14.1290162037037,-13.424119285300923,4.03125
768de2a4fc06aacecb9a586ccc30746a,14,14,713.53,14.864153311965811,-11.825529736467235,4.428571428571429
ab27bbbad5239bc31a34709275a70db4,3,11,485.05000000000007,8.07267150673401,-10.849045664983162,5.0
9803a40e82e45418ab7fb84091af5231,11,17,2279.6300000000006,15.735418028322442,-19.773972630718944,3.235294117647059
42fa4ee7240e9b8eb4576358ec142ba7,22,22,4364.469999999998,6.923532723063974,-14.945178345959592,4.809523809523809
fb89df7f89fd1b8f03fa2acca1ba7364,22,25,2687.4300000000007,15.54835324074074,-9.219619907407408,3.84
d8c7ba53e7e38711eaef8c2849d6d2e1,22,22,1788.3400000000001,8.109704335016836,-17.828232323232324,4.5
0aea4c6ae1505b3228ddf3dd7822ee5b,8,8,1579.66,18.434872685185187,-5.94314380787037,3.875
f00e21b1e91a79653163b7fd8f293ff1,31,31,4471.0599999999995,12.971604316009559,-15.516474014336913,4.1
a44fb5a447105f8469bdf16bf9159f25,16,16,1730.0700000000002,15.06853153935185,-6.641338975694444,3.875
a4bd6e9adf39b63f43dc545d3ca1f53d,3,4,921.0700000000002,8.99443287037037,-12.196085069444445,4.5
6f83d9e4da896daae20b9b6b2d3ff8d2,11,11,985.0400000000001,15.023242845117842,-14.296315235690235,4.363636363636363
c43d924a0f1688ee9fae0efcd6f539d4,1,1,45.01,21.502858796296294,-31.50365740740741,4.0
c12b92bf1c350f3e6bf88d3596219c86,17,17,5252.839999999999,10.782504084967321,-12.422417619825708,3.8823529411764706
7a425d299613df3e613bcf9d2eaf5c49,18,18,1505.4699999999998,11.794529963991767,-11.406756687242797,4.111111111111111
1660ad786c27fd935378b6192a90b417,12,13,1818.28,8.91480146011396,-9.997476851851852,4.615384615384615
7daca0837f033a41a6f3428c18657533,7,7,1397.14,14.333244047619047,-4.736638558201058,3.5714285714285716
0747d5bb69f0586cc869d8af4c50f93e,14,15,555.49,14.296866096866097,-15.79467592592593,3.466666666666667
70125af26c2d6d4ef401a1d02ae7701f,4,6,288.97999999999996,7.172806712962963,-0.37150270061728397,4.833333333333333
5f7300535881cef3b625fd683cf7d145,10,11,836.83,9.836594065656564,-12.36792824074074,4.454545454545454
d65f31d2413268e671989503f6cf9993,2,3,559.95,,,1.0
1bb3812d5f0747a3ab7348f199001a10,9,9,1049.57,12.761235853909463,-19.35351466049383,4.888888888888889
bdb3edbaee43a761e2d4f258dc08f348,5,5,328.36,11.946273148148148,-10.418601851851852,3.8
86bb7c4b535e49a541baf3266b1c95b1,15,15,7563.77,20.272846450617287,-11.170640432098768,3.142857142857143
3d0cd21d41671c46f82cd11176bf7277,9,11,622.38,12.931214225589228,-11.29474957912458,4.7272727272727275
f9f68daa2af419d38f745478bcb3da1a,2,2,51.36,11.757013888888888,-26.41306712962963,3.0
6e4f5ff6b086632ba8dcb558fb10249e,5,5,1053.25,10.725724537037038,-16.30644675925926,3.4
184a67a8f9f63234d3a92340bbdb727f,8,11,477.0,16.158923611111113,-21.148857638888888,3.6363636363636362
83deb69e889cf80f82be1dc6d5f2d486,39,41,6029.439999999998,15.774450654923218,-10.88741390018067,4.341463414634147
7ecef8194babfec876ca720714327841,7,8,1114.26,9.12423755787037,-7.675193865740741,4.25
800214c63934acd05d47e84214db8ba8,4,4,321.34000000000003,11.791327160493827,-14.28547839506173,5.0
bd0a1b0aadca9a83d9304f7e8ff5fbd5,4,4,205.19,5.896536458333333,-6.449945023148149,4.5
1e9d5a33694bddb76316fd1f54734d20,1,1,218.62,14.29976851851852,-7.121863425925926,5.0
beadbee30901a7f61d031b6b686095ad,64,68,5311.520000000004,13.541908700980391,-8.951823427287582,3.9411764705882355
f326006815956455b2859abd58fe7e39,7,28,2905.0600000000013,15.016581927910051,-9.371250413359789,4.678571428571429
6b803197e03abd5056b4313306b4f29d,7,12,530.62,4.875554591049384,-7.487849151234567,4.833333333333333
8060d731897e33b5c5ae575ce1e209e1,5,5,290.95,7.804481481481481,-16.25399537037037,4.8
8fbd63429be6d3e5e6d1a709b6464802,6,8,1240.97,8.535163483796296,-19.56970920138889,4.625
6902157ee16728322d61a1321fa79e58,2,2,191.43,10.457511574074076,-19.162777777777777,3.0
324583d68897f5ddbaf38f6248322176,2,3,127.99000000000001,25.36692901234568,3.8863695987654325,1.0
fbc14c0cf93505ef89f64665ffa4a7b5,10,10,4043.08,11.734159722222222,-11.296824074074076,3.888888888888889
747c1cdcd1737dcfbd1547f6eb6f2cf3,2,2,222.37,15.132824074074074,-14.245896990740741,2.5
cb0b3bcf14e0a709df412a99424a59d7,2,2,507.43,22.21970486111111,-9.432806712962964,4.5
8f2b51a30523cdecddc2f179f351c7d6,7,8,1176.23,13.104777199074073,-16.671731770833333,3.875
36890be00bbfc1cdb9a4a38a6af05a69,13,13,1600.88,9.416596331908831,-10.895387286324787,4.230769230769231
90b57083da5d803237da74daec6dcb2b,2,2,241.20999999999998,7.904450231481482,-18.222980324074072,5.0
c731d18cea9bf687ffee82a241c25b11,24,26,4272.65,7.650308493589743,-16.307927795584042,3.96
6c17baf138731a4aaacc3210adf2037b,4,5,628.7199999999999,7.580141203703704,-6.821344907407408,5.0
1961c3e1272bfeceb05d0b78b5bbfdaf,3,4,945.43,5.429124228395062,-4.936435185185186,3.75
499ec63c58e51296c9cf57edcfe1c8a8,5,5,412.92999999999995,5.2333750000000006,-11.835502314814814,4.8
1d2732ef8321502ee8488e8bed1ab8cd,4,5,1228.1799999999998,11.34351388888889,-6.033747685185185,3.2
2c43fb513632d29b3b58df74816f1b06,3,3,930.17,4.594564043209877,-15.929961419753084,3.6666666666666665
8fb67a334bacec338885b4e9e1708073,1,1,98.42,8.214791666666667,-10.245578703703703,5.0
9e7c5f4d7770eab65738cca38f9efccf,2,2,222.88,7.437210648148148,-13.26486689814815,3.5
e3dd723429d1b23614b7fa85e2c7a853,7,8,597.62,13.41177951388889,-6.447835648148147,3.375
7fe21dd00d2f4943ae09525efa2fd674,4,4,356.96,7.602222222222222,-11.382019675925926,3.0
9fc70243fb26800cba56e8f014797004,6,7,571.3,9.620205026455027,-10.616340939153437,4.571428571428571
1cbd32d00d01bb8087a5eb088612fd9c,11,12,1289.53,12.195066550925924,-9.504101080246913,4.25
5ef131ac72773e5b3f6c0d63cf424657,10,11,821.9899999999999,6.272231691919192,-9.657370580808081,3.8181818181818183
777a0c55737f34ffeb78010f7542ab41,6,6,528.33,4.23389274691358,-9.256392746913582,4.333333333333333
f35b3c613c4f7b2275f4185d0a3c59ec,8,8,3455.3599999999997,10.081824363425925,-9.025538194444445,5.0
6f835fd4be26989b1b064399da346143,2,2,229.25,6.953078703703703,-20.39219328703704,5.0
b37c4c02bda3161a7546a4e6d222d5b2,1,1,190.4,23.10122685185185,0.6066435185185185,5.0
e82de6494d91d3c4c54450f59b227a94,3,3,157.7,18.68153549382716,-1.838792438271606,5.0
53b0300ca793f9834cd69c0678d35ee8,5,10,1799.46,5.855703703703703,-13.94427083333333,5.0
12a8eb0f8d1cd3270695bf2a99f55966,2,2,436.66999999999996,20.97671296296296,-9.12346064814815,3.5
6601ee6383e7f452be71929f8de48bbb,2,2,181.94,14.825185185185186,-17.15710648148148,4.0
528ce32f560edd11add4169f6a5b65be,2,2,75.1,10.162274305555556,-10.92101273148148,5.0
28ea411b354f14b1a494be4e79f0ce02,6,6,896.9300000000001,8.916840277777778,-10.840713734567904,4.666666666666667
c200c73f9d7e5a08ca439d6a0803da7c,1,2,68.2,,,1.0
54583ab379489add547fe47b628db589,10,10,2391.08,5.116539351851851,-5.44897337962963,4.8
5a9c0859cb00fd8aa4db443837f0a700,2,2,255.59000000000003,9.005376157407406,-13.719241898148148,4.5
3903c788ded8dc03b5ebab37a2f3e9a1,5,5,171.25,10.304136574074073,-4.870601851851853,4.0
7bb8fac2913a6064ec412e583c6d8b4d,1,1,125.52,4.895717592592592,-22.53439814814815,5.0
80146bc52c4f6af5239b23de2a20262b,1,2,76.78,,,3.0
7caa63f175b1cecbfaadd8b5ab9998c7,2,2,60.33,2.154710648148148,-21.13341435185185,2.0
3442f8959a84dea7ee197c632cb2df15,3,3,246.6,13.018587962962966,-5.306392746913581,3.0
0aa124728afc1131dff5655f4c6f487b,1,1,65.62,,,1.0
9a03a4e9eb0b947652fae4f6121a3f5e,6,6,1484.7800000000002,13.65979938271605,-13.597770061728395,3.6666666666666665
a20d8058c866dbaeca014d2cd20ac62e,2,2,1238.9,23.55626736111111,-2.6066493055555555,5.0
f524ad65d7e0f1daab730ef2d2e86196,1,2,609.5,24.89922453703704,3.836631944444445,1.0
160851d3ece7aa1a510f8d1a4bb8a8af,2,2,141.14999999999998,5.577158564814814,-12.36245949074074,5.0
12c2ed9cded6138cf0c75f525f565fc7,4,4,366.01,13.442248263888889,-3.385413773148148,4.25
5145090ab595c0d0b8557199f5701fbf,3,3,1080.89,16.931898148148147,-24.177010030864196,4.666666666666667
d4a5e99e0dd915df64ba55a7fbd583fd,2,6,149.75,13.158838734567903,-12.787042824074073,1.6666666666666667
45c20d94d9171b0bcfab3c955e47d67b,4,4,210.57,14.431024305555553,-9.72808738425926,4.5
4bde6149c15cf7e177b36fa060dd6de8,2,2,192.46,10.623096064814817,-46.8990625,5.0
dcb7367a92f5ffb89f1e2152ed260285,1,1,98.34,10.07724537037037,-13.223263888888887,5.0
08cdbae123ff67ca4e36d9d641ce0119,1,1,480.59000000000003,27.96767361111111,8.710219907407408,2.0
4eeb99008a0f59d2c7759c59f9a346eb,1,1,369.34,7.373067129629629,-8.182835648148147,4.0
6614814a00d344b846ae209f95ee7e3f,1,1,25.689999999999998,4.7878125,-15.241388888888888,1.0
c97aa4ee7420f937da13b7f9e2228b99,1,1,36.56,10.80730324074074,-27.326655092592592,1.0
b05b432bf68945d4d9783f9e3ca29ee8,2,2,250.89,5.414924768518519,-15.76916087962963,4.5
327b89b872c14d1c0be7235ef4871685,2,2,274.53999999999996,26.28070601851852,-4.98230324074074,3.0
55c26bcb609f480eb7868594245febb5,5,5,591.48,10.067550925925925,-8.21040972222222,4.2
a6bd7d1ccdac48c6b33b28596b7eb122,3,3,1703.09,14.022974537037037,-19.266053240740742,2.3333333333333335
b77a27b1864483e721dc831d5ba4afa0,2,2,70.42,8.473414351851853,-20.259756944444444,3.5
7b7ed56ae755e2880f2b69632e839c1e,5,5,456.6,7.304652777777778,-4.336277777777778,4.2
63272377184e969942f7fff221be858d,2,2,216.23,12.299733796296296,-7.991232638888889,5.0
b5f49fe968dff6b112861e6cd8e192ef,1,2,237.67000000000002,13.995439814814814,-13.239733796296296,5.0
4c8545742faaf58fafd5fd14d25d75cf,1,1,579.93,8.242986111111112,-17.259849537037038,3.0
20a7efa9721046319bdde5d60b6b5365,3,6,596.5899999999999,15.33033564814815,-15.66023341049383,5.0
695051e2981c8b19e77cafe450d5bdf3,1,1,182.45,20.190590277777776,-7.295914351851851,5.0
747e73c01a4593d4cf60dcf970fd2689,1,1,339.55,7.30207175925926,-33.352106481481485,4.0
9200e6ce317b67196b6b0bad4d4bd567,1,1,51.42,16.296388888888888,-7.265127314814815,3.0
651530bf5c607240ccdd89a30c9c9712,1,1,224.45000000000002,11.76519675925926,-14.477939814814814,4.0
2e2f44824ab87a0cb961f68bf4073e7f,1,1,65.93,10.955590277777778,-9.162106481481482,2.0
58b98ccb79873e04eac4357cacc590d9,1,1,31.91,,,1.0
024b564ae893ce8e9bfa02c10a401ece,2,8,918.4000000000001,18.18716724537037,-39.97060474537037,4.75
389e45560e33d2d0747f949dcddbc08e,1,1,47.43,3.949548611111111,-6.134884259259259,5.0
9140ef75cc8211c4035935e80e567204,1,1,72.18,12.179131944444444,-13.030023148148148,5.0
6561d6bf844e464b4019442692b40e02,1,1,49.449999999999996,1.434201388888889,-6.17224537037037,5.0
d7d517afce974cd491b8d52bb5b5b1fc,1,1,108.72,13.544733796296295,-22.355173611111116,4.0
39f776d2974049026ff531fc42ef2a3e,2,3,352.37,13.623159722222221,-21.93866898148148,5.0
5733d806668f8712c24b9abaefbfa642,1,1,184.31,10.396863425925924,-16.005023148148148,5.0
c3251e13f1bbda6c74e37c160f991e19,2,2,513.08,13.26116898148148,-29.518628472222222,5.0
258447aad3f7b01e2643c89f64dc5647,1,1,71.45,7.945914351851852,-11.231215277777778,5.0
7494d0dcba8551df6cf37f1b905dc2f7,1,1,62.97,6.993611111111111,-14.003692129629629,3.0
2eeb6531ee027a48d401e72bebdd87d3,3,3,78.7,12.211415895061728,-26.66119984567901,4.333333333333333
d36b07fd3c5088e477a72d1fccfe29d4,1,1,339.85999999999996,13.235810185185183,-10.291759259259258,5.0
499185655c29ecfdbfe776ef7cf875b5,1,1,106.33,11.124560185185183,-33.31337962962963,4.0
fedaedd3ca31d56ab33e92035e4b361c,1,1,50.86,8.62082175925926,-43.54137731481482,4.0
6c77cd583b36a13aacccf2b3ee23e233,1,1,31.689999999999998,6.026678240740741,-11.066886574074074,5.0
535bf14f36346c7f59d87cece104d70c,1,1,57.769999999999996,4.217708333333333,0.6958333333333333,4.0
94d76e96eedd976258cd3278ce56d5f2,0,0,,,,
c7b7db6c8f3c64a7cc1afa634db21d50,0,0,,,,
bede56095ba33c42038fb85f707b8a42,0,0,,,,
54219883e72aad869adfb2a54b7bfa0f,0,0,,,,
dd7ddc04e1b6c2c614352b383efe2d36,119,140,11111.809999999992,14.600865890620836,-7.440938749000798,3.7482014388489207
ba143b05f0110f0dc71ad71b4466ce92,85,86,7453.590000000002,10.277845982142853,-7.765413359788358,4.423529411764706
8602a61d680a10a82cceeeda0d99ea3d,17,19,1079.8999999999999,7.6927503654970755,-10.281380969785575,4.473684210526316
4a3ca9315b744ce9f8e9374361493884,1799,1979,231994.0800000005,14.397923202053192,-8.96643934135707,3.805527123848516
ea8482cd71df3c1969d7b9473ff13abc,1146,1203,54722.28999999936,13.31556234606871,-9.393560079966319,3.952341137123746
c3cfdc648177fdbbbb35635a37472c53,278,307,49127.81000000002,9.690750919893823,-15.629606142176382,4.447712418300654
900ba814c251a692506d7834c1218441,87,87,31023.449999999993,12.49679670479303,-7.74018287037037,4.214285714285714
38e6dada03429a47197d5d584d793b41,7,12,803.0500000000001,12.76772665895062,-6.6745148533950625,3.3333333333333335
c826c40d7b19f62a09e2d7c5e7295ee2,354,373,51217.220000000016,13.195016837899548,-9.174546454845261,4.0431266846361185
7210cd29727d674c00741e5e387b3ccd,9,13,874.1800000000001,4.812738603988604,-4.678176638176638,3.6923076923076925
7202e2ba20579a9bd1acb29e61fe71f6,53,55,13916.16,13.225150681341718,-11.439011617749824,3.8333333333333335
1b938a7ec6ac5061a66a3766e0e75f90,28,31,4378.31,11.555353607918262,-13.983538074712644,4.225806451612903
a5cba26a62b8b4d0145b68b841e62e7f,52,53,15205.860000000002,13.110107505341878,-13.935015357905979,4.528301886792453
391fc6631aebcf3004804e51b40bcf1e,525,612,49320.760000000046,14.26638674270295,-11.024026819659058,3.960461285008237
ef0ace09169ac090589d85746e3e036f,129,140,18538.950000000004,12.556171063149481,-10.984607480682124,4.3428571428571425
1c68394e931a64f90ea236c5ea590300,138,166,24044.629999999997,15.698659150490858,-14.263524445002242,3.9036144578313254
6fd52c528dcb38be2eea044946b811f8,67,84,8881.580000000002,21.193753031305125,-10.485213293650792,3.5
daeb5653dd96c1b11860f72209795012,40,41,2938.06,11.440940764482432,-10.70958273979107,4.073170731707317
f4c4daa86e30c7e5a553a8d518ac03a5,19,19,5901.610000000001,16.49394880174292,-12.71562568082789,3.6842105263157894
41ab63a91b8b264e8c8780368bf1dd5b,12,13,2874.22,17.693314636752138,-21.814092770655275,4.230769230769231
9dda5bbacd45e18d6485fee649205d09,19,22,2419.33,14.65329913720539,-8.250798085016838,4.2272727272727275
efcd8d2104f1a05d028af7bad20d974b,47,50,3172.2799999999993,10.154562311035525,-13.654463104686315,4.18
e24d3429d294b2eb200b064ebb035879,19,22,2250.699999999999,7.710355639730639,-10.044927925084174,4.136363636363637
0adac9fbd9a2b63cccaac4f8756c1ca8,99,131,10760.050000000005,12.776818541102083,-10.777770626317382,3.8615384615384616
33a6f4b1e7cdc205511e76ba1b6e0186,105,126,12183.91,8.538114987507349,-12.984994304820699,4.357142857142857
6e864f5c4669eff3d98140a07cc50202,13,13,932.36,9.844045584045585,-10.713774038461537,4.461538461538462
b499c00f28f4b7069ff6550af8c1348a,152,187,12905.07999999999,10.819418752543754,-11.455029507529506,4.13903743315508
ececbfcff9804a2d6b40f589df8eef2b,98,104,8661.060000000001,13.071829265551962,-11.118006225278677,4.115384615384615
4830e40640734fc1c52cd21127c341d4,210,219,12970.019999999993,9.937044461914745,-10.460398759608665,4.0963302752293576
9d5a9018aee56acb367ba9c3f05d1d6a,67,79,11982.21,14.431774246201325,-13.499319503798676,4.405063291139241
6860153b69cc696d5dcfe1cdaaafcf62,74,84,5318.229999999999,10.229695491622573,-8.875499338624339,4.156626506024097
252e76235acb79183cfca6e34f13337d,3,4,321.77,14.787332175925926,-15.860758101851852,3.75
2a261b5b644fa05f4f2700eb93544f2c,51,82,7396.729999999994,14.461137929087618,-8.397276987353207,3.341463414634146
8b9d6eec4a7eb7d0f9d579ce0b38324d,46,50,5440.43,9.541378732048374,-10.121342828798186,4.02
bd23da7354813347129d751591d1a6e2,89,90,12011.129999999994,9.830312899106,-9.498103714346533,4.022471910112359
8e8a7ce9f2f970dc00e2acf6f6e199f6,65,66,10284.82,12.20192057291667,-10.416277669270832,4.015384615384615
1336efc61c316ddf92c899eb817f7cae,74,85,6355.290000000003,11.714715005446623,-10.514728622004357,3.9411764705882355
c7dcd301ecfe5ab7f778ac172cf74be7,4,4,519.83,25.347723765432097,-28.227681327160493,2.5
29e6e05b65f93bc224c644319dc52ecf,4,4,558.9200000000001,6.91634837962963,-14.186218171296296,4.75
b83cedfb587e7911540e3f576d6917ce,24,25,2568.75,10.077923148148145,-8.70190324074074,4.24
6bd503a8230299c9316fb0f726933927,4,5,453.89,10.05810185185185,-5.989634259259259,4.6
e26901d5ab434ce92fd9b5c256820a4e,202,221,14938.880000000003,9.298153585271322,-12.939614071920756,4.0588235294117645
6cf476a4ca74498db55cbccdaa9dcfb6,5,6,531.04,27.227037037037036,2.126905092592593,2.3333333333333335
54aa8463e87776b5612f4bdc4bd5d4de,7,7,772.83,13.480618386243389,-23.25549933862434,3.857142857142857
612170e34b97004b3ba37eae81836b4c,100,103,18799.039999999997,10.504260270586112,-17.61779182398418,4.446601941747573
5c853bb56f70f4d14218944bae111d7a,23,24,514.19,8.61485580632716,-11.313662229938274,4.041666666666667
903037660cf848a717166eb7a06d616e,43,58,5426.449999999999,11.440876583820664,-16.819951673164397,3.810344827586207
656591be56071d4c9ef4e5fee78a578a,7,11,2021.2,14.31607218013468,-4.954296085858586,4.636363636363637
f9244d45189d3a3605499abddeade7d5,12,12,3585.28,11.8856976010101,-25.787625210437707,4.583333333333333
aced59e9b31ef866a94f9e7f29d8d418,60,66,7827.199999999999,9.582207842312009,-10.548180765993267,4.4393939393939394
2ec6e37d992a95eaddb3369dcbcc76d9,2,2,183.94,9.651765046296296,-18.227546296296296,1.5
44073f8b7e41514de3b7815dd0237f4f,141,150,20351.500000000004,13.183520551801797,-15.219298517267264,3.7315436241610738
134285d1f41da5c13a756ee8142c8a4e,3,4,1653.6299999999999,8.562575231481482,-9.952960069444446,2.75
dfa0c4c6229ab200a4a1336b4d7128ff,74,83,5946.5199999999995,9.501411200356982,-14.644473588799636,4.024096385542169
1c40343cc5d18c2d8248ac2f3366de34,21,22,2839.4200000000005,7.398569549663298,-11.306247895622896,4.545454545454546
cda598c48d7c614bc1cad7d8ff6f0010,17,18,1420.1999999999998,8.133234310699587,-13.18655799897119,3.9444444444444446
2528744c5ef5d955adc318720a94d2e7,3,3,1725.54,7.996392746913581,-9.07530864197531,2.0
014d9a685fd57276679edd00e07089e5,11,12,876.8100000000001,8.83783275462963,-11.917173032407407,3.8333333333333335
c4fabeea6e569d42d02993bb1f4f1cbc,11,11,1136.52,21.726757154882158,-4.543681607744108,4.0
91f848e9f4be368f4318775aac733370,63,73,7168.160000000002,10.344803571428567,-10.847095568783068,4.267605633802817
3cfa1358a6caa965278721344c8d76f2,2,2,145.59,9.906585648148148,-17.259340277777778,5.0
9e6967d3cf386d284251784b18ccb485,9,11,654.9000000000001,7.78754419191919,-6.015818602693605,3.6363636363636362
402916f742e5c740cc751493d9cf5053,9,10,1478.4299999999998,6.265953703703704,-18.451939814814814,4.7
38102b031c2a15e54623d711bfc753d3,9,11,809.41,21.43608564814815,-13.993623842592593,3.6363636363636362
6989574bd97d9773f10d232b6c07da59,6,6,2392.4799999999996,10.800723379629629,-12.00535300925926,4.833333333333333
eeb6de78f79159600292e314a77cbd18,61,62,20413.32,10.481478635397695,-18.208167691256826,4.370967741935484
6bef34c5be6f2bbd70aa5165f6df94b1,2,2,1330.88,16.186406249999997,-9.485827546296296,2.0
6c12e40690c335dbc2f68a4134d30dc1,10,12,991.8000000000001,12.621397569444445,-13.237564621913583,4.454545454545454
81783131d2a97c8d44d406a4be81b5d9,13,15,1977.58,7.282520576131686,-10.7576646090535,3.4285714285714284
06bb3a2fe5e7b7a845b13e8fb91bd944,17,18,1862.3300000000002,8.900171039094651,-13.093602752057615,4.611111111111111
c5f7e746b7e6d07def6c0dae9903279b,10,11,1658.92,5.398118686868687,-16.41113320707071,4.454545454545454
f08c008c8a8d31417763738a1788a2a8,21,21,1437.13,19.62493664717349,-4.484554702729045,3.3
1b45169b635ef59425637e9a33eb5fb3,7,8,419.35,7.769308449074075,-18.995666956018518,4.625
d9bd94811c3338dceb4181f3dbc0c73e,54,61,7682.11,7.769682187310259,-7.851470666363086,4.819672131147541
6bb0724edf0b62fb91ac404873a97241,15,16,3508.0099999999998,12.09912543402778,-11.044088541666667,4.642857142857143
9906e7aa42a3c067b7c9a564d01c4320,12,16,3115.6,16.24080005787037,-10.873758680555556,4.0625
5a413ade68e8f8d93071a7f52a64cb9e,14,14,932.6699999999998,4.118708664021165,-3.93473296957672,4.642857142857143
e64d65bc8dbec2accda90c58de5d1246,12,12,1899.96,13.493086419753086,-6.69032600308642,3.0833333333333335
11305281b50fff20ae8bb473f8e11876,31,36,5900.689999999999,13.713981481481477,-12.242850437242799,4.333333333333333
519a7aa428f18d125a283cf8c014fdd6,3,3,152.79999999999998,7.4835262345679014,-15.142986111111112,4.0
24a6daf925d9d591870a66660416de31,2,2,90.08000000000001,13.617193287037036,-11.250729166666666,4.5
c794dab4928dd97beb41d05514441e86,16,16,1544.59,13.794497974537038,-6.7090870949074075,4.375
f205b1a3ca9a34e0f8a228bae6e4c7b3,7,7,1149.5800000000002,8.638741732804233,-10.97886574074074,4.857142857142857
5bffbafbb22daf6d3bfc216a46db8708,18,20,2677.5200000000004,8.165427662037036,-16.570123263888885,4.7
6d22a1fcebb6dd08c9cd90b92a93e8d0,12,13,946.4300000000001,15.908391203703701,-9.452278311965811,4.3076923076923075
bcf5566870987da7bc811fbc8c5b9fd9,1,4,127.12,,,1.0
863d2ebcd347ce4922de7a0f9a5581d6,18,19,1691.1699999999998,11.669832175925926,-9.924328060699589,3.9473684210526314
5151aea44289d6c6b090ee31c2132508,7,7,1482.47,17.37599537037037,-26.510648148148146,1.8333333333333333
44ed138eca6214d572ce1d813fb0049b,2,3,185.8,8.585092592592593,-6.595883487654322,4.666666666666667
3364a91ec4d56c98e44174de954b94f6,3,3,1014.8999999999999,13.839432870370372,-28.88312885802469,3.6666666666666665
4a82c4af97ffc0fb2dc26bfdc03b1842,3,3,210.9,12.739297839506174,-14.273526234567901,5.0
c0098efcf800861dcae589affca31408,9,9,1376.74,11.417037037037037,-10.263711419753086,4.777777777777778
cac4e0bc1a3269fa2b6ea5e763f6115b,2,3,108.02000000000001,12.094972993827158,-10.787638888888887,5.0
2d518637f53161b973e01f56ea4bb88e,13,13,1539.6999999999998,13.663798967236467,-20.82869925213675,4.923076923076923
1354d51653f645349064725ed204e85e,18,20,2694.7200000000003,9.203769675925924,-18.120571759259263,3.85
f419677537694f0462a91990df6ca44f,6,6,299.28,14.250243055555556,-5.464660493827161,4.0
612a743d294c27884fb7b80d2b19ba35,1,2,86.02,5.054525462962963,-34.41103009259259,4.0
6e13dd869aa7185f601c941423abcc8f,5,6,598.0799999999999,4.413994984567901,-11.568939043209875,4.833333333333333
8759e7aedd644f487315e5860962f162,3,3,793.34,32.80336033950618,5.474795524691359,3.6666666666666665
c26a2be5b53b7db6b276280da212a779,11,15,6921.870000000002,12.688302469135804,-11.020027777777779,2.8
cfd7ddab722b902f7ac5b5f3ba6d723d,8,8,792.98,4.568451967592593,-12.514152199074074,5.0
e4ebd3f87bf70440014f07ddda7fbe03,7,7,787.26,17.889925595238093,-7.608870701058202,4.571428571428571
2a7c6c0b0d5efde2bf75ec1e1cec2d41,3,3,192.04,10.607287808641976,-14.454845679012346,3.3333333333333335
058cb5aeb36d7c0fcae20fc85d5e0a59,9,10,1283.01,8.907164351851852,-10.49710133744856,3.0
5f5a58930c3c35f3b5af264f34fb8c85,3,3,628.5899999999999,7.959606481481482,-21.242395833333337,5.0
610f72e407cdd7caaa2f8167b0163fd8,8,9,4295.38,8.031143261316872,-14.352803497942388,4.333333333333333
bdae679a9b282249bc23b9b69dae9a99,6,12,851.9799999999998,8.194706790123456,-24.106408179012345,3.5
9c3c24eca51c52b91c1de727d2a2ae06,6,6,421.16,10.61186535493827,-23.4798225308642,4.5
caa9bc43a9fe8cf9c564ddd8a03cc4a6,13,14,1037.74,9.107694279100528,-10.679217096560848,4.6923076923076925
822b63912576852aea9a8436d72317b7,3,4,680.99,13.305127314814817,-27.758524305555554,5.0
2bf28e311bba65237358230cabac3f15,7,8,477.88,12.415434027777778,-9.578953993055555,3.875
71593c7413973a1e160057b80d4958f6,2,5,345.34999999999997,8.718585648148148,-2.989842592592593,3.4
00d8b143d12632bad99c0ad66ad52825,1,1,137.1,7.233344907407408,-21.296087962962964,5.0
4342d4b2ba6b161468c63a7e7cfce593,20,20,3163.3099999999995,15.676087962962963,-5.592731481481482,1.263157894736842
44717f64ec2a457979cf83c429077666,2,3,170.91000000000003,5.788680555555555,-19.239525462962963,5.0
1588ac4010787100dddef64568f0ae35,3,3,645.97,19.871010802469137,-8.147862654320988,3.0
a154d7316f158bb42e6fa18bbe3afd3a,2,2,190.13,47.48453125,17.23984375,3.0
b8d890108a7a80e4f5d59eea9f362438,2,3,124.29,11.696026234567901,-2.521550925925926,3.3333333333333335
139157dd4daa45c25b0807ffff348363,1,1,37.68,1.2141782407407409,-12.320752314814817,4.0
63ffcb71394dd8ea3872ed9ffda17c74,17,17,663.72,13.25094566993464,-10.46023420479303,3.176470588235294
07bf9669d84d1f11be443a9dd938f698,18,24,2422.2199999999993,8.712097800925926,-18.394809992283953,3.25
e1a210d482714ce337763a19aef94ba4,1,1,76.50999999999999,,,1.0
07e8e8fc5222bb358e6f259da3197074,2,2,74.86,8.63806712962963,-5.764548611111111,4.0
a0415d9b25ede3c4b1e477e9916ffc03,8,8,2195.01,8.166069775132275,-17.186628637566137,3.75
fedf2c1386e137f296b3bbf3b635e69d,2,5,210.90000000000003,10.687655092592593,-18.85936111111111,3.2
0bebbb2cea103a4a020c95d43fd7d754,9,9,1514.3400000000001,5.9149704218106995,-9.713931327160495,4.888888888888889
e9c2dc0dd4ac38448289be644ac94f42,3,3,174.61,5.392226080246914,-10.703738425925927,5.0
90b36c5aeb728d5504a39f435bef0c5f,5,7,340.22999999999996,11.74271412037037,-9.347271412037037,3.2857142857142856
cf1313c6e2c01c2f4b014f97db4bcd2b,5,5,397.0,8.240326388888889,-10.659053240740741,5.0
9dd59e43f0c9f0553244e8f9c2fb247e,10,10,508.12000000000006,13.135447916666669,-12.909622685185184,4.8
bc8c8d665ec4664d286be0d521722b19,1,1,30.82,8.033923611111112,4.66162037037037,2.0
f9eda05b67bef472deaddbba84aca289,1,1,236.79,,,1.0
651fe66032c9520ee5587f694908040d,7,7,592.73,6.706140873015873,-8.301011904761905,4.0
4867209cb29b56b92893d7bde3ce8012,1,1,169.15,10.228275462962962,-16.101076388888888,4.0
f25e239052084705e17a982bc600ab2a,4,4,404.59,10.489155092592593,-12.237615740740742,4.75
446cc09cdbb130904da114e807dbec40,3,3,306.97,4.2683024691358025,-24.026207561728395,4.666666666666667
3faf68a3b0af94b10bac70d86077be49,7,7,1442.09,16.15905257936508,-29.902915013227517,4.571428571428571
a23266650e7c84bb93fbbba502137478,11,16,1791.44,10.54035590277778,-17.922121672453702,3.25
dadc51ef321949ec9a3ab25cd902e23d,1,1,99.34,,,1.0
4221a7df464f1fe2955934e30ff3a5a1,5,5,1089.0400000000002,16.569189814814813,-15.81200462962963,4.8
7dea6f73af847b42cc3985bd620f994d,2,2,380.17,5.594658564814814,-10.681782407407406,4.0
51f108f62cb87d61918159902c8f8583,3,3,378.76,5.971261574074074,-16.81119598765432,4.333333333333333
41da412d33e8da4f22baf55cb1bde82c,15,21,1237.06,9.208183421516752,-18.512913910934746,4.714285714285714
92c8bc6e8f925792247656fed09aad65,3,3,299.57000000000005,13.436047453703704,-2.842077546296296,2.3333333333333335
1099a00e0ee3a50935e6c2447ca090c5,3,3,910.83,15.039498456790126,-9.257461419753087,3.6666666666666665
e45edf75f568ed2f93f78d060e246e25,6,7,278.21999999999997,12.007012235449736,-8.253103505291007,4.142857142857143
fc6295add6f51a0936407ead70c1001d,1,4,230.51999999999998,13.800219907407408,-8.3940625,1.0
34675b28b826facfde119785bf287dc1,1,1,37.089999999999996,5.948611111111111,-15.134212962962962,4.0
28a26ebce31d5918b181ede016fd693b,1,1,47.04,11.071064814814816,-9.265405092592593,5.0
9c54608f0996c32ae4743089d915f845,3,3,304.72,12.219888117283952,-20.011917438271606,4.0
70c0fda4c313d87115644d39e62eec60,1,1,63.08,9.881921296296296,-13.474328703703703,5.0
038b75b729c8a9a04b0d07cba7eabe86,2,2,557.8499999999999,22.549861111111113,-0.8001678240740739,3.5
5b35136197710e16ac5e7b7c2bd4ea85,6,8,1896.99,21.277533275462957,-2.184351851851851,2.75
bcc9dd23e2a8bd8267cf92b19304a1b9,3,3,246.22000000000003,22.54966049382716,0.7026234567901236,2.3333333333333335
41e0fa5761c886a630994a55c12087e7,5,5,491.90999999999997,10.239402777777778,-18.844953703703702,5.0
3b18f9856c6eb2413eafedb58e9eecd9,1,1,335.09,9.18412037037037,-16.167673611111113,5.0
282c7480173bb9c01dd41cc739fec010,1,3,218.38000000000002,12.80527777777778,-23.63368055555556,5.0
630008e0f062605a415d694489f6f82e,2,3,135.5,17.05988425925926,-6.21449074074074,3.0
528bcf6680c36dddf07620bd35b33a6f,2,2,1013.84,21.278836805555557,-3.7398553240740737,4.5
1d0646a72178a6fb37ee8082140e06ec,2,2,97.62,7.651782407407408,-6.654791666666666,5.0
c8cc60ffd415254af5d9b9f34f32c369,8,9,916.23,4.9841988168724285,-10.89778549382716,4.666666666666667
8eb88b0acb3f90a717ad659221471fa7,2,2,160.67,12.252141203703705,-17.16721643518519,4.5
4450bd8327d471c4a11a83d1445b1b62,1,1,214.56,7.305891203703704,-20.42099537037037,5.0
9d69ba0a7a626a64dc5db08e529559cf,1,1,37.54,13.86097222222222,-2.3203009259259257,5.0
6bb62a4912377c7bfe7cb17b406bc7e6,4,6,845.3900000000001,5.126489197530864,-6.522864583333334,4.5
539ed9e19811677513447759be5eccfc,2,2,63.919999999999995,5.068101851851852,-15.294010416666666,3.0
4d6fb82c629c7a5028bfd973c07b05e0,2,2,327.43,,,2.0
c4b911d06343b21dd906651f8101cb49,2,2,141.33,,,1.0
9591fc341b1bfb7ef561e2968ec6e011,1,1,94.21000000000001,,,1.0
fdf736c18c589ed030e058312203e1b2,1,1,44.51,5.490983796296296,-2.0038078703703706,5.0
2c538755f1ca9540af144f266e70df6c,1,1,359.91,6.557847222222223,-16.135752314814816,5.0
bf0045791395e66460eb04749c68672a,2,2,155.25,14.245839120370372,-21.026707175925925,4.0
bee36b4f9a2b9fdcaff6ec05df202ed0,2,2,53.48,13.397164351851853,-12.889861111111111,3.0
bc30de0d71bd6260b936a026b5cf7200,3,3,482.84999999999997,12.237530864197531,-19.639679783950616,4.666666666666667
249f0e9905a6e06ad6c6bea7547ab9f6,3,3,386.99,6.271500771604938,-18.92062885802469,3.6666666666666665
42d4b7e70819438f5ada61c965e92d7e,1,3,100.78,21.939131944444444,-1.472210648148148,1.0
761681a821d8275bc79f552116d06869,2,2,280.93,7.557604166666666,-16.736944444444447,5.0
b2bdc5e7940a7d7ca8c4a37953b27a42,1,1,312.49,,,5.0
c18309219e789960add0b2255ca4b091,1,1,24.0,14.187407407407408,-8.236585648148148,5.0
7f02656561b680def9986c0795a8a080,2,2,111.83000000000001,14.175138888888888,-9.269328703703705,3.0
0f80a40c312b2472dca482cf50f5186f,1,1,150.0,5.3246064814814815,-16.20837962962963,3.0
43a5d4a57af536fddc96d08be3afdfcb,1,1,99.83,11.811469907407409,-17.343344907407406,1.0
76d336555bb25f3165d2f0d6da719c40,2,2,353.63,11.495,-29.67711805555556,2.0
5a9b3bcab695173c820e53934574ae80,1,1,203.76999999999998,7.143958333333333,-25.16380787037037,5.0
0a82f5fb06a4fe4ac2cf7cb412ec71b8,2,2,484.8,5.281736111111112,-9.189409722222223,5.0
9e17b9d64683aebcbb9ee362d06463b4,2,3,136.67000000000002,,,1.0
5415337f1863452476d42d9f14a16a61,1,1,68.35,16.04283564814815,-22.202222222222225,3.0
0936e1837d0c79253456bbb2ffaaef10,1,2,70.02,18.366805555555555,-11.70991898148148,5.0
7d81e74a4755b552267cd5e081563028,1,1,39.99,2.209490740740741,-5.226967592592593,4.0
b6c6854d4d92a5f6f46be8869da3fa1a,1,1,87.82000000000001,,,1.0
686886775c8f6b1191c7b953fb52708c,1,1,202.62,3.546076388888889,-13.212037037037035,5.0
422be4cc81a457fdb46f47edeb968ae5,0,0,,,,
6b1c4d4d9ccf0be3d8544eb0e71e5318,0,0,,,,
585175ec331ea177fa47199e39a6170a,0,0,,,,
48328ec9a579151d9cc6a86d4a59336c,0,0,,,,
1b4b28463457a256e9a784ebe2a8f630,0,0,,,,
5996cddab893a4652a15592fb58ab8db,0,0,,,,
32e5635e63cb374eb63afdd242fb6134,0,0,,,,
abe021b01ba992245271b9aa422032df,0,0,,,,
5b51032eddd242adc84c38acab88f23d,12,14,3548.9500000000003,11.863262235449735,-14.812945601851851,3.7857142857142856
cc419e0650a3c5ba77189a1882b7556a,1705,1774,129691.6899999995,11.531866619238567,-12.345052069859424,4.063986409966025
fcb5ace8bcc92f75707dc0f01a27d269,61,72,8237.54,10.515866881374125,-8.483947094739667,3.7746478873239435
e333046ce6517bd8bb510291d44f0130,68,74,8699.319999999998,10.00223035535536,-12.869697979229231,4.391891891891892
7e93a43ef30c4f03f38b393420bc753a,237,241,82666.84999999999,11.227300171095012,-11.345687550322056,4.2375
3d871de0142ce09b7081e2b9d1733cb1,1073,1140,115680.87000000036,13.39924714972978,-12.371933168989685,4.11258865248227
88460e8ebdecbfecb5f9601833981930,245,299,33619.430000000015,18.226036327784012,-10.354714467202884,3.37248322147651
de23c3b98a88888289c6f5cc1209054a,164,181,29081.810000000023,10.772300834893883,-9.887967254473573,4.281767955801105
5cf13accae3222c70a9cac40818ae839,149,156,17402.47,10.62528121266428,-13.769761424731179,4.438709677419355
2d50d6282f8aa2257819a77bfaa0efe0,44,45,4151.52,13.76262139319552,-9.63520644918174,3.6444444444444444
4d6d651bd7684af3fffabd5f08d12e5a,367,393,51015.149999999885,13.018340630682358,-12.349675178246732,4.168367346938775
f3295428338a40977a03f555246a70f4,7,7,769.3799999999999,14.829621362433864,-9.51301091269841,3.5714285714285716
522620dcb18a6b31cd7bdf73665113a9,144,149,37306.23000000002,13.868467419375165,-14.470863567649285,4.136986301369863
0c8380b62e38e8a1e6adbeba7eb9688c,182,220,21455.829999999984,12.583845300288825,-11.806202960414534,4.032110091743119
8931a84a914b3fe9b1ddaa4d704947ca,29,32,5092.890000000001,13.049587673611112,-8.265864800347224,3.774193548387097
a5259c149128e82c9d6d46e0c1c812bb,7,7,1517.6599999999999,17.19927414021164,-25.002820767195768,4.285714285714286
abcd2cb37d46c2c8fb1bf071c859fc5b,45,52,6200.620000000001,13.683934958242554,-16.014500045388527,4.25
0d83f8e03188682112cc0d93523705cc,4,8,820.5700000000002,25.21679976851852,0.25375578703703816,2.75
3785b653b1b82de85ab47dd139938091,21,24,2033.2699999999995,11.32687934027778,-18.49638937114197,4.75
dbd66278cbfe1aa1000f90a217ca4695,85,99,6472.77,9.060559062850732,-11.84704989711934,4.454545454545454
c1ed9e3daf6154542826a6996af0fb8c,9,17,1300.64,18.098057725694442,-6.29982421875,4.411764705882353
30829ded4523ab9224b93bc49a62c95f,18,31,7549.710000000003,10.493247834528077,-17.980385678016724,3.5806451612903225
00fc707aaaad2d31347cf883cd2dfe10,103,132,14512.819999999994,15.47023025392817,-14.549383066778907,3.83206106870229
06579cb253ecd5a3a12a9e6eb6bf8f47,61,71,5936.28,10.772447161835753,-8.436623054213635,3.7464788732394365
ac3508719a1d8f5b7614b798f70af136,100,101,15178.199999999999,9.422297926114892,-17.356514904572936,4.606060606060606
4324dd16853115efb0fd9d0d131ba6f4,12,18,1379.4699999999998,12.767537937242798,-13.197588091563784,4.277777777777778
aafe36600ce604f205b86b5084d3d767,129,131,11673.199999999995,12.440077484450095,-12.463864768871927,4.3816793893129775
f7ba60f8c3f99e7ee4042fdef03b70c4,216,227,70692.93000000004,13.14095854842674,-8.432118772533595,4.1938325991189425
4e17c65a516f69d023a2ae78b84f28d6,60,73,8064.719999999999,14.855884544647386,-20.101160419837644,4.068493150684931
439a47cc365d6e3bd526812ea9de3c29,8,13,1410.9299999999998,8.546376424501423,-11.883211360398859,4.0
7ddcbb64b5bc1ef36ca8c151f6ec77df,313,322,49720.159999999974,12.595723989764526,-9.286451270559695,3.8934169278996866
0df3984f9dfb3d49ac6366acbd3bbb85,87,89,11520.209999999997,9.61155579229798,-14.125676294191921,4.303370786516854
f214d28e8d8e3ef068748498ccc2f813,54,59,3021.5200000000013,10.173526843729693,-12.382631172839497,4.017241379310345
6df688df543f90e9b38f4319e75a9d88,40,56,2733.5600000000004,8.288001683501683,-14.651089015151516,4.517857142857143
4917cee8d902e13428c3ec4b1ca6f315,31,31,6163.899999999998,17.761046296296296,-9.319925154320988,4.2
c3aad7dc65449ae90a5e9c3c6c1e78e0,6,6,640.36,7.48622299382716,-13.07003472222222,4.666666666666667
d566c37fa119d5e66c4e9052e83ee4ea,65,73,6124.919999999998,5.827972158802639,-9.760767535514963,4.71830985915493
b64d51f0435e884e8de603b1655155ae,16,22,614.4100000000002,8.300371948653197,-9.080554503367004,4.090909090909091
c68fb906c8f4b4b946d8386bfa6e5467,45,48,5433.61,11.158594714506172,-12.156008150077163,4.51063829787234
52d76513f0c4d97f3b99570e2c94ee31,18,27,7593.159999999999,11.882738340192041,-18.94480366941015,3.875
a369d693961cb93b61ca2cc518872a85,10,16,2593.1099999999997,9.68298683449074,-14.761661603009255,4.0
1caf283236cd69af44cbc09a0a1e7d32,33,37,1530.2499999999995,14.053003003002999,-10.680373498498497,4.54054054054054
671585f5a2af58b6e276bc01003c0d2b,27,27,1692.1100000000001,5.587871227709191,-13.254289266117972,4.703703703703703
c157bdeedcbc9a8e3c8bf0d87ff24428,7,10,722.9699999999999,12.821667824074073,-14.015060185185186,4.5
ff1e15b778c700abdd4d239b81ac466d,7,7,529.1600000000001,7.551547619047619,-7.215803571428571,4.571428571428571
0176f73cc1195f367f7b32db1e5b3aa8,37,38,5700.15,13.495555868368372,-7.588913288288289,4.0
10076e5788b8ee532724bcd460baf762,23,26,1198.7799999999997,9.809331374643874,-11.516909277065526,4.615384615384615
5ca5d579b5857ee8709479b1047cecc3,2,2,363.88,17.78358796296296,5.7306944444444445,1.0
9d4db00d65d7760644ac0c14edb5fd86,98,100,11512.81,8.073691428170594,-11.004761153198652,4.515151515151516
c53bcd3be457a342a97e39e5a9f0be22,5,5,695.59,12.383395833333333,-19.873391203703704,3.2
3be634553519fb6536a03e1358e9fdc7,82,98,7075.780000000003,9.712846729708435,-10.134672232072502,3.8979591836734695
b1ac6ea7895bc3dd6f0f6f4abbdd2821,40,41,3964.33,10.180834551656918,-16.119986598440544,4.2682926829268295
845e8036c3f7bf62099352f5ed910240,21,24,2045.2399999999998,8.280536265432097,-12.768772665895064,3.8333333333333335
a5a1bfcf728ab0e19182959cf0771ee4,21,24,2160.85,13.616142939814814,-10.07491657021605,4.291666666666667
81336a0f57a33776419727a300249e90,16,19,1670.88,17.59409722222222,-7.413786008230454,3.6842105263157894
3ade81dab5a172b88e1871c28ae05260,24,26,5714.089999999999,13.051452314814815,-9.317600925925927,4.2
7f2617c58d5d06806987308b45654351,22,23,3983.2699999999995,12.284812298711756,-8.664829911433173,3.869565217391304
8bd0f31cf0a614c658f6763bd02dea69,30,32,4555.29,9.531716941550924,-12.570800057870374,4.161290322580645
08633c14ef2db992c11f840f04fad4cd,74,97,9068.82,10.114527968690338,-11.130520236731575,4.237113402061856
2cb6eb1b7185064167657fa09f541105,6,7,1382.6800000000003,8.328468915343915,-12.103639219576722,4.428571428571429
3d2531eccfbde1d7c8db7a3a12fb267a,10,10,2212.6,9.996932870370369,-13.241596064814814,4.222222222222222
2646baaf662d4d92ac48f047e35db92d,15,18,1549.3899999999999,5.4766827417695465,-10.897836291152261,4.555555555555555
6c6e3d67f969468f3bfd33f827a31222,5,6,316.41,9.219967206790123,-11.228325617283952,4.833333333333333
d6ab728cf30867cf3f1a2e216ae2f9b7,11,13,1389.18,10.844960826210828,-8.007931801994303,4.384615384615385
a7ecf689b40a44361e259b28939023e4,1,1,410.91,10.922962962962965,-8.15638888888889,5.0
e3e290b38963293022cdcd6db8328103,3,3,182.04,9.766523919753086,-10.531701388888889,3.3333333333333335
a36ac007a4d18f865c8d32c3b2402c2d,9,9,1536.9700000000003,9.652709780092593,-22.681164641203704,2.5555555555555554
ba6b68b55fe8704377a7d43c8e5c0185,5,5,832.22,10.59029861111111,-12.85537962962963,4.2
520b493b57809f446cb0a233bb3e25c7,63,73,4762.869999999998,7.3801568049213575,-11.370707604008121,4.383561643835616
d673a59aac7a70d8b01e6902bf090a11,79,84,5499.5599999999995,13.790570023148145,-11.411213624338622,3.9642857142857144
32f1bb9dfa65bc7df5c0d9d95a616be4,5,6,332.17,6.5551157407407405,-4.472756944444445,3.4
b92e3c8f9738272ff7c59e111e108d7c,54,62,8547.25,15.903294317502986,-43.46365815412186,4.064516129032258
c26ba52cf8d2f34915f2f6b7ffa0a3f3,4,4,172.65,7.716890432098765,-13.386462191358026,4.0
508808d438fe2ff972ed13bb8f4a82e2,10,11,417.47,4.517637731481481,-7.973193287037036,4.2727272727272725
2fa13c8bd5705d279f7ed5cc9ec61c68,2,4,148.7,5.193368055555556,-9.378723958333333,5.0
5075aaa8404020ae6aa8bf4792099b41,12,22,1452.1999999999998,12.766879960317462,-9.201898974867722,3.8125
fe26f3ecb51a15e6d8335cd92da42562,6,6,2198.3,11.159502314814816,-9.102766203703704,4.333333333333333
66dc1b1632bd6a3e508510c5b3492107,37,42,4449.26,10.439193202348692,-13.669068145889788,3.4285714285714284
b3f19518fcec265b2e97af287725f981,9,9,624.48,10.665917245370371,-12.27968605324074,4.222222222222222
9a1aea68d3efa00862ec88c0768037d0,7,8,1501.71,13.29107494212963,-10.888302951388889,4.375
fd312b6bf05efac6c3772d5b52205d8a,2,4,164.32,6.378287037037037,-11.91748263888889,5.0
299c89a525fee36c567f4fe72f038100,2,2,757.75,9.31943287037037,-4.946851851851852,2.0
1cbd50a8c52e6cf8e315c5709fab386f,9,9,1006.6600000000002,19.0249537037037,-12.062681327160494,3.7777777777777777
e89c4adbe7b1d0819dbb636e16461cf1,24,25,3636.1499999999996,14.787526388888882,-9.797764351851852,3.88
b87a7ea0c30fad2dd6781b74a0064859,9,9,637.7500000000001,15.243249742798355,-6.3422440843621395,3.4444444444444446
293dee954235e4e4e43f129313625ebe,8,8,2019.22,14.440222800925925,-16.984992766203703,5.0
fdaaf5bfda82b7b80535610c831b8d09,10,15,2848.3199999999997,11.031408950617285,-10.121341049382716,3.933333333333333
a67780aba9dd436e7ac0aa1f889e73ec,6,6,1041.04,21.632880015432104,-3.6513753858024693,3.6666666666666665
5f1dc28029d2c244352a68107ec2b542,62,78,3803.46,9.357083481718893,-15.260100605413108,4.428571428571429
ad8ada0ffa993cb1197d102d9ab21a3e,1,2,656.16,,,1.0
9c3a1c416c765687bc79a04113269929,1,1,133.8,6.0855902777777775,-10.949409722222224,1.0
7a91bf945c6fae0779f1c61ce97fe45c,5,5,882.07,43.84916666666667,16.88870659722222,3.8
f9bbdd976532d50b7816d285a22bd01e,2,2,298.37,14.890231481481482,-17.219780092592593,5.0
c35672b10ad50968f567ea3f4b91e877,18,22,1515.3499999999997,10.144695391414139,-12.650398779461279,4.454545454545454
1d29dfba02015238dfbe2449a5eaa361,12,12,789.9199999999998,15.374400077160495,-8.706571180555555,4.5
5abb8ea023c77787f2c15da891c8d384,9,9,958.6300000000001,17.270046296296293,-8.694754372427983,4.444444444444445
de9727ca376d1be6ec121b110aa7954c,10,12,1270.0900000000001,11.274775883838386,-18.443153409090908,3.75
17eea220a40cc0d2c0c5346379682398,4,4,1512.99,25.364583333333332,0.02585262345679003,3.75
218f991754f360af9c2daa5e0b8e990c,14,17,3819.54,13.213410947712418,-6.675379901960785,3.5294117647058822
cb6c9f5888a7a090c75beaf615925792,11,11,1008.9699999999999,10.160455597643097,-10.414881102693604,3.8181818181818183
5c6d4016c2a288f074fa0848a2b653d2,32,35,3673.170000000001,11.047310049019607,-9.480330201525057,4.114285714285714
ff4e2d38692ce827b1a4f4b8196e680d,11,11,669.1800000000001,9.210698653198655,-13.395265151515149,4.2727272727272725
e3d3b3efac954a60d61be70b7e05b49b,3,3,1405.83,11.115142746913582,-17.15195216049383,4.333333333333333
a2b911e9ad40dc7d61c142a4683e2d85,1,1,120.30000000000001,12.782881944444444,-15.477592592592591,5.0
4bcec44888b30ba9001234c534716d3f,5,5,209.23000000000002,9.158854166666668,-8.702636574074074,4.6
f626e15b7314c267e4429010866f70e9,5,7,319.02,9.50479332010582,-15.801714616402117,4.142857142857143
8c5e007d7bd5693fa1386ffefbc99f6c,9,24,1407.4099999999999,11.912432484567896,-14.203193962191358,4.166666666666667
5ee7fd217d08dfe5d3e2f51f96a12c9a,9,9,1435.18,16.85798739711934,-7.712002314814814,3.4444444444444446
9d489893ff6af05029671b785f54b998,5,6,401.24,7.366913580246913,-12.468591820987653,4.166666666666667
661ad5fcc28cdfb8bcadb12bb2272475,4,7,329.71,13.143630952380951,-14.471402116402116,5.0
b6e1504972665f739dec4facb9943775,14,14,1710.3700000000001,11.147410714285716,-8.227896825396824,4.357142857142857
5f0057b677eb963672bf05dfa3f16c34,5,5,379.89,7.040208333333334,-34.663475115740745,4.2
e83e93b71371817b11d78a63ff156aee,2,3,373.38,18.48874614197531,-7.725192901234569,4.666666666666667
c0f783394e37cd9c9d7f5f81141450fa,6,6,336.75,13.170179398148148,-12.402058256172841,3.6
02d35243ea2e497335cd0f076b45675d,13,15,4403.63,24.730397376543213,-6.419077932098764,2.8
d32e3909cfb714fb2a6cb092c85b9c5f,9,10,2710.4499999999994,21.26729050925926,-8.792137731481482,3.6
e627629ba868740e287800f1a9be81c2,13,13,643.55,6.900215698653199,-10.960602904040405,4.461538461538462
184725737946a1a938bbbd1a9e978103,3,3,403.57000000000005,8.57604938271605,-2.0355131172839505,4.666666666666667
e503f22be6a4f456d9851920a5d9c670,2,2,231.34,5.669965277777777,-11.753472222222221,4.0
3f2af2670e104d1bcb54022274daeac5,5,6,1106.74,19.80292438271605,-17.36195987654321,3.5
c24173065483e421f9e5e7f599de101d,9,9,491.21,15.81520447530864,-5.346283436213992,3.5555555555555554
9cf787a239c1aa29dbd76f153dc13f9a,4,4,368.4,6.560300925925927,-16.599366319444442,4.75
5b581417df4480f632484ba681e53944,10,11,1907.26,21.926240740740745,-1.7778495370370369,3.090909090909091
73b8eb4a9a729d4019b24ed1be748cbf,8,8,797.98,4.136651785714286,-6.705510912698413,4.375
cf654707ed6a99f112c7ec3d6f314b8b,3,4,789.5400000000001,4.274947916666667,-6.704409722222222,4.75
c394e193cda3b4225ff2094d32184849,3,12,3611.4400000000005,13.630894360269364,-16.84287352693603,4.666666666666667
1bc2e21de46adfea6b98cc96b00f3b40,3,5,1142.55,16.773094907407405,-4.660277777777777,3.6
5194c22ed1f616ec0c0f33c571542879,4,4,326.45000000000005,12.323978587962962,-10.505358796296296,4.25
b080809eaacb49e5ca07290981472431,11,11,567.4000000000001,10.537906144781143,-9.670307239057239,4.818181818181818
a13580f0e8f782b7a543885a0ef99f08,10,10,1563.68,25.04871990740741,-7.810491898148148,4.4
26b482dccfa29bd2e40703ba45523702,3,4,412.41,3.457259837962963,-7.384016203703703,5.0
78813699ffac347fe27dba345a5f1551,1,1,200.54,9.042847222222225,-28.07481481481481,5.0
3a3c180dd702a725bd0ba4117689239e,1,1,77.38,13.821863425925926,-6.331168981481482,4.0
c1849d4d32d7a6cecd5aa471809d3135,3,3,430.71,5.419305555555556,-1.9242361111111108,4.333333333333333
a2a41aedb70551d4a85aa04dc2fced48,2,2,79.73,8.864953703703703,-13.619056712962966,4.0
7b8e8ec35bad4b0ef7e3963650b0a87b,3,3,1057.54,28.328622685185184,10.219618055555557,5.0
13dd308f81fea30cc670c656b2b46cc3,3,3,151.14,3.6380208333333335,-5.63858024691358,5.0
9b522ba7eae9e1d04082f267144583cc,3,5,301.56,6.732476851851851,-3.9544791666666663,4.6
8b11118053756a9a2932f447e11fc1b5,1,1,91.16,11.909560185185184,-40.15012731481482,3.0
8cb7c5ddf41f4d506eba76e9a4702a25,2,2,182.37,16.01363425925926,-11.033564814814817,3.0
cf281cf8b7affbdfe751b29cc85580e1,1,1,90.23,,,1.0
31ae0774c17fabd06ff707cc5bde005f,3,3,1124.77,3.135204475308642,-9.334020061728395,5.0
4c60877808f4318ef1107fbeb8f89afa,2,2,150.63,15.193721064814815,-8.613697916666666,4.0
910a922b426b7ff95eaee129ad6c0e1f,2,2,150.95999999999998,14.63134837962963,-5.6663194444444445,5.0
63b9ae557efed31d1f7687917d248a8d,5,7,242.31,16.394758597883595,-18.296684854497354,4.428571428571429
26f6b7ab07be3e9e69ce82a6552efc19,2,2,80.75,10.984780092592592,-2.1773842592592594,3.0
643c01d7c56a724bec0454f4780e8a3e,2,2,246.65,9.720231481481482,-18.721024305555556,4.5
f664f98bfda2eaf266a23ff144e7a872,2,2,161.8,2.6854803240740743,-9.142251157407408,3.0
57d2ba47f7a3209aa347532ae75c1165,1,1,173.12,19.465150462962963,-6.060462962962963,3.0
10089e9f2fd0c668a8fd4e52e1698888,3,3,1199.31,7.632048611111112,-16.142033179012344,4.333333333333333
d2df77822373f19934e87694d8640767,2,2,196.4,22.154542824074074,-15.714658564814815,3.0
69b5eaa096c3f9d1e5c398c597f567d6,2,2,987.02,6.57519675925926,-5.2340625,5.0
c716e0b86ed568878475b60fbb6323ad,1,1,50.230000000000004,7.47505787037037,-8.9753125,5.0
918f6fbcf3ab724d805867303e593a1b,2,3,112.58,5.639139660493828,-15.021172839506173,4.333333333333333
38874e327ce94d11390b96eb42d61928,1,1,155.72,18.324710648148148,-6.075011574074074,4.0
05730013efda596306417c3b09302475,3,3,861.9499999999999,9.904039351851852,-10.283117283950618,5.0
2cb4700db635baa1c0d4f90ed27b6669,2,2,228.72000000000003,16.483385416666668,-28.490868055555552,2.0
e8ff5a6ceb895583033fc2a0f314e3c2,1,1,158.96999999999997,3.1886111111111117,-12.216157407407408,5.0
52454f90d4c30c016768db02f88c1a74,3,5,147.67,12.80662962962963,-6.6440023148148155,3.6
c2bda99904207edd1834f03e0022b007,2,2,101.68,12.421550925925926,-6.185451388888889,2.5
6187a137b2af59dfdbad8d9f8c373c14,2,2,105.02,13.861290509259259,-10.788721064814814,3.0
ede2977fbaf3738583170735ca403f6c,1,1,327.25,14.979814814814814,-14.285636574074074,5.0
ace601496e211a664100321f038f50af,1,1,179.92,,,2.0
f682e0f848abafc6f41e0d4e868c66ef,2,2,304.0,19.699797453703706,-1.2297280092592593,3.5
7e3dde9ffba72d5340f9aaf09b4424be,1,1,242.03,,,1.0
455befea1bb853c75ccbca94cff26e5c,1,1,42.05,12.441516203703705,-37.19980324074074,3.0
f7315bb81aea4ddca2d39e249a801c98,2,2,430.08000000000004,10.214172453703705,-5.713802083333332,4.5
aadfe0417e61315688b6bd7043361e25,1,1,304.17999999999995,6.484421296296296,-15.15417824074074,4.0
db7ed69a53aa9fb1c01930ba54a88bbe,1,1,120.78,3.9548032407407407,-8.258472222222222,5.0
1cbdc7cf130a41fd13a3c2a7d2fcfda7,2,2,225.61,8.690578703703704,-12.850619212962963,5.0
61b893c57e33626afb104d4112b1be76,1,1,88.08999999999999,,,1.0
ac137bac82ffa8548e62bd9d01d2a14f,1,1,58.94,,,1.0
eae9af4811c294c56795d70e715b7337,1,1,27.009999999999998,2.8439467592592598,-7.097395833333334,5.0
15aec03fe4cf30dfa574cf550f5ff5ff,1,1,39.86,,,1.0
e595809a6c31ec4314fd06ef198c244d,1,1,57.230000000000004,15.85357638888889,-12.012407407407409,5.0
6bcb2352a2a0c38b845f598298ab9d26,2,2,59.38,11.037233796296295,-13.23355324074074,3.0
1d139e3a3b14025640d8df1b230aace0,2,2,71.18,7.653206018518519,-19.69909722222222,3.5
ae9690c6e8fee182c28c9ff8e11ca52c,1,1,59.81,4.4846875,-46.539467592592594,5.0
f3055483058c84d75ca2a3314fb4deef,1,1,103.28999999999999,,,1.0
c360e4787614ed31ac7a2f95d3b22dc6,1,1,218.95000000000002,12.66162037037037,-16.941087962962964,2.0
efb628aa07c8ca93d7db0d85b91a4f5a,1,1,262.1,25.588310185185183,1.9546759259259257,4.0
685b870da5b52a710782c9c0fefbeb5b,2,2,670.98,39.61394675925926,16.748796296296298,2.0
0b1ca3ef18a63d7eb0c8897fa0849c08,1,1,62.87,6.710289351851852,-5.282650462962963,5.0
dd264199fc8b687ad029de7de6d760e6,1,1,108.60000000000001,18.080567129629628,-10.427824074074074,5.0
f5b84683a9bf9e1df748cf40f601b39c,1,1,92.97,6.706354166666666,-45.36868055555556,5.0
b57e8460909fa137df7951b4a3b5ea84,1,2,282.14,,,2.0
7a188843479798ca813108fa7b959286,1,3,175.85999999999999,,,1.0
8ec76bb0965af3f007692b26fa9d6623,0,0,,,,
c3acdfac4e3e97ff87529454fbc03642,0,0,,,,
c004e5ea15737026cecaee0447e00b75,0,0,,,,
850857dfac77488c307e2b1cbd84ab5a,0,0,,,,
11fb6f6d341adbe19e81733701704635,0,0,,,,
f4aba7c0bca51484c30ab7bdc34bcdd1,110,117,4557.499999999999,10.892263586956522,-14.995360104669889,3.8956521739130436
b1a81260566c1bac3114a6d124413f27,50,53,10035.62,8.566699205101331,-15.92415618448637,4.283018867924528
7299e27ed73d2ad986de7f7c77d919fa,332,354,35420.499999999985,11.24268070064366,-11.91793338477365,4.4124293785310735
537eb890efff034a88679788b647c564,160,173,7178.900000000002,9.117996602230878,-11.735880441845357,4.161849710982659
06a2c3af7b3aee5d69171b0e14f0ee87,384,397,46891.049999999916,17.756706265275437,-10.326949144576044,3.9923076923076923
620c87c171fb2a6dd6e8bb4dec959fc6,740,798,128909.71000000005,12.88467291755586,-13.182621964954702,4.214285714285714
7008613ea464bad5cb9b83456e1e6a8f,127,156,10860.049999999996,14.095737771076996,-13.49040752923976,4.27741935483871
54965bbe3e4f07ae045b90b0b8541f52,78,86,13164.840000000002,26.727943958619125,-1.687193358481939,2.9382716049382718
0691148aee60ca47977c187804f935ae,46,51,5155.41,12.809169389978216,-12.18606095679012,4.098039215686274
3c487ae8f8d7542beff5788e2e0aea83,30,33,10105.349999999993,13.410306537598206,-10.323578843995513,3.909090909090909
e88c9b79e592e370d6bd852eeefbf057,8,9,393.98,8.4257137345679,-16.99928883744856,4.777777777777778
3b15288545f8928d3e65a8f949a28291,104,121,16513.689999999995,14.329092219868174,-11.124971653327053,3.8916666666666666
c9c7905cffc4ef9ff9f113554423e671,127,139,12766.71,11.062386923794294,-9.367428557154273,4.158273381294964
a3b0df0065e264a91b7bbf5f844af5cd,2,2,218.75,13.61945023148148,-5.690358796296296,5.0
d1c281d3ae149232351cd8c8cc885f0d,211,236,31114.51,12.379096729708417,-10.79787312844759,3.7777777777777777
f262cbc1c910c83959f849465454ddd3,192,207,12989.850000000015,8.951072871278141,-9.20229200708061,4.08252427184466
31da954dc0855f2495c6310f70a2f931,29,30,5032.710000000002,8.123554012345677,-10.098269675925927,4.233333333333333
1ca7077d890b907f89be8c954a02686a,115,137,15001.429999999988,15.028811242344709,-6.15544118183144,2.198529411764706
33576ec5412fb5905d876f12f33bfde6,31,32,3287.979999999999,14.648119936342592,-16.462378472222223,4.125
5dceca129747e92ff8ef7a997dc4f8ca,227,246,52871.62999999999,9.639175252352764,-10.842215628794788,4.251028806584362
a4b6b9b992b46e9ef863637af96e04bc,6,13,4701.120000000001,16.744930555555555,-12.789697420634921,2.6923076923076925
a3a38f4affed601eb87a97788c949667,253,262,31616.529999999977,12.497961398898893,-13.93659261940512,4.38996138996139
4391ea5c5990502176a1dcda44a2373d,2,3,966.6,12.108152006172839,-16.202145061728398,4.666666666666667
7722b1df1b0e383e000397b2c11e3e19,133,143,8745.359999999995,8.468127689749606,-11.582902728873247,4.211267605633803
d25aa0aaacb370e912f8cf6efeba38b3,16,19,3009.91,9.06214059454191,-15.866109892787524,4.473684210526316
ffff564a4f9085cd26170f4732393726,20,20,1770.86,12.496232638888888,-47.54904658564814,2.1
95e03ca3d4146e4011985981aeb959b9,175,193,14243.500000000007,12.354240740740739,-14.485293615984402,3.9895287958115184
0d33a55da925bbf1ff02af5f6059fc7f,22,24,932.9100000000002,8.80104118441358,-11.7949893904321,4.5
e0eabded302882513ced4ea3eb0c7059,8,8,1117.19,11.44920283564815,-16.344055266203704,4.625
d101c6da914ae3d53f7bee42283f2fe2,13,16,1557.55,13.837443576388889,-20.761199363425927,3.8125
0b35c634521043bf4b47e21547b99ab5,50,75,13229.210000000005,16.907827671421423,-14.738521177427435,3.5135135135135136
ffad1e7127fb622cb64a900751590acd,10,15,1090.83,8.469956790123454,-9.61173225308642,4.866666666666666
312ba1d77e9c332ef21f9598b7f64cd7,9,10,888.05,25.699447751322754,5.444642857142857,2.7
0ea22c1cfbdc755f86b9b54b39c16043,237,268,14982.019999999999,11.021397274633124,-16.097366090146764,4.329545454545454
5f67c6082caacb26e431a7b17940cece,13,14,1871.03,22.20229083994709,-1.1207051917989421,3.5714285714285716
cd6efc47efaabf134f8bdb654e10b4f1,31,32,4757.160000000001,8.499921513310182,-13.351646050347219,4.5
a2e874074c877c5a05abae80ad6e488f,40,42,7301.439999999999,17.970779117933724,-14.906100755360622,3.857142857142857
3d8fa2f5b647373c8620330c4e077a9f,43,48,4390.55,9.32216903073286,-12.559986702127658,4.113636363636363
cee48807215b30a12ca2ca10ffb5f250,38,39,7188.530000000001,23.056907644824317,-12.793450261158597,3.769230769230769
2dd1fb6f0e42a2243b8a01e40cd41216,4,5,942.73,15.735182291666664,-14.294155092592591,2.6
cf2384dd2f1dddea3f838efed0945e65,16,16,2534.94,14.251440248842595,-7.995554832175927,3.9375
fadb07c842a2aef5d5a676b85f220e71,7,7,570.37,6.430039682539683,-15.426787367724868,4.714285714285714
3f0e48d209018b466fcd3bb4ccfeb520,9,10,5654.799999999999,9.822907407407406,-16.394836805555556,3.9
2953ce3a88f5e3c3b696d77fc9e4c8eb,14,15,631.3200000000002,8.075856481481484,-4.10938425925926,4.666666666666667
b2eecf5ea250510da76590ca79d60e5d,9,11,1213.15,6.134214015151515,-12.299505471380472,5.0
ce27a3cc3c8cc1ea79d11e561e9bebb6,135,164,13011.86999999999,10.078763643610484,-12.75255503433897,3.857142857142857
750303a20e9c56b2a6bc45cdce0b897d,53,56,9264.680000000002,13.64400589225589,-11.6680101010101,4.267857142857143
712e6ed8aa4aa1fa65dab41fed5737e4,36,43,18734.110000000004,28.682637786596118,-4.3378937940917135,3.3333333333333335
33a17d60c64393351ebf1ef860f4e0f2,43,47,9431.859999999999,10.582687894011036,-15.385617612293144,4.617021276595745
f35becee938e982bd615edf8ef12bcfb,6,6,226.81,7.920459104938271,-13.195102237654323,4.0
bbad7e518d7af88a0897397ffdca1979,69,85,5800.420000000002,15.275709738756616,-6.340588210978838,3.0357142857142856
76ea5315acb3f5f7ade3cd261faf922a,15,15,1311.08,8.683984567901234,-10.487684413580247,4.266666666666667
e21a1e8be4715b0fcfd5385643bc49c4,21,24,1175.89,16.574562701288244,-10.46811694847021,3.6666666666666665
436bf27f2f18474fc6047702e9f8a866,1,1,44.42,19.17042824074074,-9.293888888888889,5.0
c8417879a15366a17c30af34c798c332,26,36,2255.439999999999,9.486715939153436,-9.295075066137574,4.0285714285714285
8bb48dc19fccaa8613b6229bf7f452a2,79,91,5375.19,10.98917722323972,-12.707933455433459,4.329670329670329
d4f117125b59ce73c3302f88ee40c458,17,17,998.6099999999999,7.728728894335511,-11.034194580610022,4.823529411764706
f63d8f293af3a6454377546bd9dd19ff,17,28,2246.949999999999,18.26035879629629,-9.041240079365078,3.8214285714285716
dace965ca58120f92f8d742a9fa1864b,8,8,1573.77,8.051372974537037,-10.361300636574073,4.625
ba90964cff9b9e0e6f32b23b82465f7b,6,6,1774.48,12.874899691358024,-9.317357253086419,5.0
e9511df20ccd82658a30c37b7fb343af,22,30,2823.100000000001,9.655261188271602,-12.917251157407406,4.466666666666667
eb4df17aed01d918c65f0f8d650900c0,11,11,3925.4600000000005,12.899521254208754,-9.677921927609427,3.909090909090909
07de60b03d150fb3ea09eab5da5e4c8b,9,9,889.0000000000001,13.419634773662553,-11.927708333333333,4.333333333333333
c8771b1a10bb99bb34d3c459c5cffb53,1,1,96.10000000000001,6.815891203703703,-15.507048611111111,5.0
b839e41795b7f3ad94cc2014a52f6796,5,5,2489.71,4.752560185185184,-14.911085648148148,3.4
c66dccfb3f109511246da627dd5a2498,45,45,13682.250000000004,11.345025252525252,-14.31293797348485,4.488888888888889
02c988090b766852e088c69d7fb3b551,13,17,1836.9500000000003,8.518108362268519,-10.20750289351852,4.6875
8378eb36b6b70c5734e83ad7b8cdc3b7,7,13,1956.6700000000005,19.922323717948714,-10.527563212250714,3.769230769230769
6ba4733aa33f6386e9fb0c0fd3993b38,3,3,209.88,12.429888117283951,-10.58664351851852,4.666666666666667
d4910f1cdcfdabd48d6b316e395d4a23,11,12,1361.9200000000003,6.035258487654321,-9.502494212962965,4.916666666666667
7a9c12e235c36247c3c81f50d6ea9cea,5,5,1099.5900000000001,12.8360625,-27.903562500000003,4.6
5bc24d989e71e93c33e50a7782431b0e,17,17,3736.5300000000007,9.188674428104575,-15.784994553376908,4.352941176470588
0ef83d7d83ed97cd2a0049ac8be5f88a,47,54,5263.9400000000005,9.660626286008233,-12.907646819272973,4.226415094339623
c273175f7c6c80fb02f051e2fc6d0d72,14,14,1443.45,10.586340112433861,-11.740088458994709,3.7857142857142856
eb5b6204dde3a6e03b5f1bb8479f055b,19,21,727.3299999999999,10.567783289241625,-12.424037698412699,3.857142857142857
270297ead4c65a6cd2593960d2af6b21,13,15,4126.55,15.386310350529103,-11.092202380952381,3.5714285714285716
0ac4201fda2c68ebc0e47cb9423cf3c9,12,13,1091.4,12.346521545584046,-12.206791310541313,4.538461538461538
26785a546900236d66f2e4197c211158,15,15,1244.65,5.767207561728394,-17.954417438271605,4.666666666666667
26e13b6ff5b641b329e5524241ee2c93,4,4,189.68,6.638492476851852,-9.701082175925926,4.0
45213867cefbf2cd4c6177e10216a951,14,14,5389.16,14.91580357142857,-12.640848214285713,3.857142857142857
ce69a8021d18961dd2a40269b7c2c293,16,16,2863.2,9.603271122685184,-11.203695746527778,4.4375
f3c38ab652836d21de61fb8314b69182,15,15,1828.59,8.208585648148148,-10.367152777777777,4.266666666666667
df91910b6a03bb2e3358fa6a35e32f6f,14,14,2707.1200000000003,9.194750712250713,-12.622857015669515,4.357142857142857
670a9dda115b5a88b18cfadee8de2332,11,11,1101.99,12.298190235690237,-17.044827441077445,4.454545454545454
a5dd1946fb63ada8bcaa0c9cd8f11e22,6,7,426.33,19.00490079365079,-8.524770171957671,3.857142857142857
c447f8dd3ed213f291d65ef074a268eb,7,8,777.23,12.454298321759259,-16.063548900462962,3.875
4ebdc7e6cd6102a022dadc49156d4ea8,29,32,1297.8999999999999,10.175631148726852,-10.083618706597223,3.75
2f09f7d37a97956d11cc1a7cadd5262b,8,9,1309.95,13.084930555555555,-9.30273582175926,3.7777777777777777
26bad72add1f86e08a776ce4ffdaf1ca,7,7,745.92,10.942886904761906,-12.74107142857143,4.428571428571429
c7fdb77fdbff3c41981bc52f787e959e,10,12,871.8800000000001,17.778820496632996,-5.580013678451179,3.3333333333333335
fa3a0b5aabb344b9a92e3524b0202123,7,7,1953.41,11.636570767195767,-13.88691798941799,4.142857142857143
29fe9f200d3fa0c668d2aa1ec7e08dfb,5,5,514.1600000000001,10.749125000000001,-15.182108796296294,4.0
52f9db5cfb423382a2fa5c9e39303202,22,23,1628.54,10.035136258417507,-13.928087121212121,4.173913043478261
2aafae69bf4c41fbd94053d9413e87ee,2,2,123.87,8.844872685185186,-26.93728009259259,4.5
4677a5437afda5fa7140b927b07be1cc,10,10,1996.6499999999996,12.260501157407408,-13.067195601851854,4.4
b248792ac0b60ec3f93d80af1b4fae47,7,9,608.3499999999999,6.319003343621398,-7.288031121399176,3.7777777777777777
2b03ac196f5ed62ac483960fe0fa3b65,7,7,935.19,12.892918320105823,-8.812829034391534,4.142857142857143
883dd81e82754ac2c65e9790a7db8c9a,5,5,394.46000000000004,7.172194444444445,-18.007805555555557,4.4
52831e5990d0771cb4951d6f12928167,1,1,78.12,5.106226851851852,-9.204918981481482,3.0
f435898e493ba0356019a0b1cb8b55b1,10,12,880.6800000000001,10.680035686728395,-21.008713348765433,4.333333333333333
3985a3c45be355a4c57fde108bfabd1c,7,8,516.1999999999999,10.955293692129631,-17.291063368055557,4.125
e6ffc9ac6a7adc9d16a1cfc2286dd546,1,1,43.28,,,1.0
79ee721b6f766066a80264402548d359,2,2,568.3599999999999,,,1.0
32f83ffe11cd40f7adcf4eef171f52d9,1,1,45.089999999999996,10.574085648148149,-14.86863425925926,5.0
b29d3380981c51df13fc6fbe87e1763d,6,7,533.88,7.856157407407407,-8.879603174603174,4.0
70bf57d811208f8923b41bbd499a67a4,7,7,869.73,4.817481812169312,-5.927972883597882,4.142857142857143
5eeb9c756d9780b96283e5a2ac6da334,9,9,2718.7400000000007,16.608179012345676,-8.498190586419753,4.222222222222222
9b76ad3d04236f76bc71c59470305e13,2,3,456.63,4.845304783950618,-10.33204475308642,5.0
1dcfa3835714681d4ba4a93bc1e0fd41,13,15,1602.1,15.82355076058201,-14.75996197089947,3.857142857142857
f88adb15807168d3c43d71021090ce4a,3,3,541.0600000000001,6.365833333333334,-14.160671296296298,3.3333333333333335
38f276ca6e7cc95a6d1bb55ac9e5550f,1,1,36.839999999999996,5.200891203703704,-13.043113425925926,5.0
1782ce2db72c3dda627d5e7c898104e1,9,10,2218.17,27.239915509259266,-1.2369733796296267,4.3
b3b17aab11f273023a5f22ca52e1eb70,6,12,5902.139999999999,17.877203896604943,-7.202121913580245,4.833333333333333
b88e7c57cb2d8b973b7dd4a2bfa14b36,4,4,419.6700000000001,9.365081018518518,-14.916964699074075,4.25
c240c4061717ac1806ae6ee72be3533b,1,1,73.89,6.056956018518519,-14.206655092592593,4.0
aeb36d67f1414f234d42a29e27cf1f17,1,1,639.52,10.399305555555555,-1.9913194444444444,5.0
2d22fc3089eb907b29ebff50581fb472,3,3,377.39,9.620108024691358,-9.99153935185185,3.6666666666666665
458c6fa920810ce2492da71bc26d9eec,2,2,862.37,25.40222800925926,-9.5303125,2.5
1f7fd2a6fcd5a6fa5d8a4dabc72aaae0,3,3,632.68,7.109780092592593,-15.922824074074073,5.0
ac6417315ae5da8f9a38ee11de6f7780,8,8,971.4300000000001,11.468726851851853,-12.865848214285714,3.75
d8cf3b6a2151949f930d0252b180ec42,6,19,1030.1799999999998,7.2844407894736865,-15.354049707602341,3.0
977f9f63dd360c2a32ece2f93ad6d306,22,23,3370.999999999999,11.683569023569026,-9.57191393097643,3.782608695652174
6b89abe95848c850399130d149a39b63,8,8,1465.73,11.262706886574074,-12.976433738425927,4.375
a4e634166243bbb3a13fa584463fa468,2,2,201.18,,,2.0
3f8247d0f772ffa58560e5c682521ad5,1,1,158.45000000000002,,,3.0
48bad451945f5227341793478d6353ea,3,3,384.49,22.083051697530866,-13.94000385802469,4.0
2235cf78d3e2073a88146a9cb60f0dd0,1,1,204.76000000000002,14.215081018518518,-10.984675925925924,5.0
7d7d2b7a51328016102d4528c411d630,7,7,1098.85,10.281992394179895,-8.437347883597884,4.142857142857143
ef9952469137ff190bacafe117f51537,5,5,1086.6000000000001,10.250847222222223,-16.431497685185185,4.8
c72de06d72748d1a0dfb2125be43ba63,7,7,2319.8700000000003,10.878622685185187,-19.258941798941798,4.428571428571429
154bdf805377afea75a3bd158e9eab10,1,1,109.72,24.920844907407407,2.700451388888889,1.0
c0aff2da32c17759d30b22fb0af6649d,4,5,272.33000000000004,7.814456018518518,-17.201631944444443,3.8
c542f5a8c64d973f30e9df8d06f70b4a,1,1,98.31,,,1.0
751e274377499a8503fd6243ad9c56f6,1,2,235.84,1.9974652777777775,-5.081585648148148,5.0
28c7d8743fbc8679f484868cc0fcaefb,3,3,270.36,13.52462962962963,-10.486496913580247,5.0
c6381b1321d7d97717a5bb4ed5b77882,2,3,100.00999999999999,4.495408950617284,-7.27221450617284,3.6666666666666665
dd39ad39b5d3df33037e141c72497ba6,2,2,164.85000000000002,8.673096064814814,-18.14527199074074,5.0
84c945f15571830c1a91a33978e94009,2,2,78.03999999999999,9.44066550925926,-14.884733796296297,4.5
cecd97bc34ed8330bd4cd15713eda670,1,1,76.5,7.138460648148148,-8.146608796296297,1.0
15b3b1b81484422eb41df68ac87f1f50,2,2,102.89,14.62960648148148,-4.411273148148148,1.0
a69aa24cec11168e7e39a3fbc727e925,3,3,140.29000000000002,8.651388888888889,-8.887060185185184,5.0
6e85dc5ecd97a61094b89b046a509d8e,1,1,182.59,,,1.0
b2f4d63c7203f539a78252565ca32257,1,1,35.74,13.007511574074076,-10.06480324074074,5.0
baeda7047354773262ba2405f97038ba,1,1,50.1,23.47927083333333,-8.190833333333334,5.0
c76d418370990614e89e956c7a7567d9,2,2,369.77,10.554403935185185,-14.846932870370372,3.5
578460d8319c51dab351cd9db95eadfe,1,1,270.45,,,3.0
31e60bf8d103ce47932a85f5562deb16,1,1,239.04,14.461574074074074,-19.86684027777778,5.0
34aefe746cd81b7f3b23253ea28bef39,1,1,22.52,,,1.0
9f56a7a649097b166d8ed286ad86a15c,2,2,51.019999999999996,,,1.0
64c9a1db4e73e19aaafd3286dc448c96,1,1,482.6,9.469189814814817,-8.945277777777777,5.0
08f5819815f3d06545011850bd70f0a8,3,3,522.83,8.471766975308642,-14.61341049382716,4.666666666666667
0f94588695d71662beec8d883ffacf09,1,1,27.59,14.88715277777778,-11.65667824074074,5.0
4003520d80d0bad1d5623f7aa3c63cda,1,1,86.74,17.079074074074075,-4.05230324074074,1.0
b6f52e346160519c24a23af05410ad32,1,1,143.25,12.60994212962963,-2.047511574074074,4.0
95cca791657aabeff15a07eb152d7841,1,1,28.22,3.7175,-25.308449074074076,5.0
f43827dd686be3a4a80e00aa299990fb,1,2,125.74000000000001,21.39116898148148,-13.185358796296295,2.0
70f7e8018e3d46c748c92f026aa2585a,1,2,277.68,7.02681712962963,-21.30703703703704,5.0
cf6f6bc4df3999b9c6440f124fb2f687,1,1,12.22,,,5.0
d1a5cc844736958c11b8efab9a2b4c87,1,1,254.01,30.29427083333333,8.838784722222222,1.0
2b402d5dc42554061f8ea98d1916f148,1,1,363.78999999999996,6.000300925925926,-24.320833333333333,5.0
3e51f9cbe317bc3a88f2c76583811ee4,1,1,84.78,8.87136574074074,-5.113287037037037,5.0
fe19dce63ae80346207c6c55713d1023,1,1,71.72,7.0012384259259255,-21.34636574074074,5.0
26e2e5033827d2ba53929f43e03d8ffe,1,1,154.78,5.269074074074074,-13.195520833333331,5.0
43753b27d77860f1654aa72e251a7878,1,1,66.28,27.33425925925926,-0.1568518518518518,5.0
f09e26011d833ddab11593c1a097a92a,1,1,102.09,,,1.0
f6122bc84774df1b372bdb3bb88ddb9f,0,0,,,,
ee27a8f15b1dded4d213a468ba4eb391,0,0,,,,
e908c0f3646e8b60375734a350d95d71,0,0,,,,
c88f62b4c386a59281014d677864d016,0,0,,,,
45a3d05fb00435e52a28859dd03703b3,0,0,,,,
